round,sample,wall_ms,read_bytes,write_bytes,effective_MB_s,effective_Mb_s
0,0,4.043762999999999,16777216,16777216,8297.823586594963,66382.5886927597
0,1,4.02869,16777216,16777216,8328.869185765101,66630.95348612081
0,2,4.003922,16777216,16777216,8380.39102659842,67043.12821278736
0,3,4.011859,16777216,16777216,8363.81139018096,66910.49112144767
0,4,3.997042,16777216,16777216,8394.815966407157,67158.52773125726
0,5,4.054899,16777216,16777216,8275.035210494763,66200.2816839581
0,6,4.025329999999999,16777216,16777216,8335.821410915378,66686.57128732302
0,7,4.0067699999999995,16777216,16777216,8374.434269998028,66995.47415998422
0,8,4.040915,16777216,16777216,8303.671816902855,66429.37453522284
0,9,4.049811,16777216,16777216,8285.431591745886,66283.45273396709
0,10,3.9901950000000004,16777216,16777216,8409.22110322929,67273.76882583433
0,11,4.013586,16777216,16777216,8360.212538114294,66881.70030491435
0,12,3.9963070000000003,16777216,16777216,8396.359939313972,67170.87951451178
0,13,3.9329769999999997,16777216,16777216,8531.560698168334,68252.48558534667
0,14,3.973458,16777216,16777216,8444.642424809826,67557.13939847861
0,15,3.9692019999999997,16777216,16777216,8453.697241914118,67629.57793531295
0,16,3.96741,16777216,16777216,8457.515608419599,67660.12486735679
0,17,4.018483,16777216,16777216,8350.024623719946,66800.19698975957
0,18,3.962258,16777216,16777216,8468.51265111964,67748.10120895712
0,19,3.967666,16777216,16777216,8456.969916318561,67655.75933054849
0,20,3.965266,16777216,16777216,8462.08854588822,67696.70836710576
0,21,3.9525940000000004,16777216,16777216,8489.217966732733,67913.74373386186
0,22,3.9397929999999994,16777216,16777216,8516.800755775748,68134.40604620599
0,23,3.995699,16777216,16777216,8397.637559786159,67181.10047828927
0,24,3.9761140000000004,16777216,16777216,8439.001497441976,67512.0119795358
0,25,3.926097,16777216,16777216,8546.511204384406,68372.08963507524
0,26,3.9778740000000004,16777216,16777216,8435.267683189562,67482.1414655165
0,27,3.9573940000000003,16777216,16777216,8478.92122947576,67831.36983580608
0,28,3.9220970000000004,16777216,16777216,8555.227471426637,68441.8197714131
0,29,3.9859070000000005,16777216,16777216,8418.267661538515,67346.14129230812
0,30,3.9529129999999997,16777216,16777216,8488.532887012692,67908.26309610154
0,31,3.909234,16777216,16777216,8583.377715429673,68667.02172343738
0,32,3.958769,16777216,16777216,8475.976244130436,67807.80995304348
0,33,3.971794,16777216,16777216,8448.180343693555,67585.44274954844
0,34,3.9575210000000003,16777216,16777216,8478.649134142308,67829.19307313846
0,35,4.0130110000000005,16777216,16777216,8361.41042224903,66891.28337799224
0,36,3.984594,16777216,16777216,8421.041641883714,67368.33313506971
0,37,3.9537139999999997,16777216,16777216,8486.813158463157,67894.50526770526
0,38,4.015666,16777216,16777216,8355.882187412997,66847.05749930398
0,39,3.9683059999999997,16777216,16777216,8455.605994094207,67644.84795275365
0,40,3.918097,16777216,16777216,8563.961535408644,68511.69228326915
0,41,3.9753139999999996,16777216,16777216,8440.69977868415,67525.5982294732
0,42,3.971314,16777216,16777216,8449.201448185664,67593.61158548531
0,43,3.950546,16777216,16777216,8493.618856735246,67948.95085388196
0,44,3.974898,16777216,16777216,8441.583155089766,67532.66524071812
0,45,3.99413,16777216,16777216,8400.936374129034,67207.49099303228
0,46,3.93941,16777216,16777216,8517.628781974967,68141.03025579973
0,47,4.001682000000001,16777216,16777216,8385.082072988307,67080.65658390646
0,48,4.010643,16777216,16777216,8366.347241576974,66930.77793261579
0,49,3.9463850000000003,16777216,16777216,8502.57438136421,68020.59505091367
0,50,4.537049,16777216,16777216,7395.651226160441,59165.20980928353
0,51,4.032178,16777216,16777216,8321.66437096775,66573.314967742
0,52,4.010547,16777216,16777216,8366.547505863913,66932.3800469113
0,53,4.02421,16777216,16777216,8338.141399181453,66705.13119345163
0,54,3.999186,16777216,16777216,8390.31542918984,67122.52343351873
0,55,3.9746099999999998,16777216,16777216,8442.194831694178,67537.55865355342
0,56,3.980786,16777216,16777216,8429.097168247677,67432.77734598142
0,57,3.9560180000000003,16777216,16777216,8481.870406049718,67854.96324839775
0,58,3.966514,16777216,16777216,8459.42608547455,67675.4086837964
0,59,3.971922,16777216,16777216,8447.908090843677,67583.26472674942
0,60,4.032946,16777216,16777216,8320.07966384871,66560.63731078968
0,61,3.9848820000000003,16777216,16777216,8420.433026624125,67363.464212993
0,62,3.987602,16777216,16777216,8414.689329577024,67317.5146366162
0,63,3.992114,16777216,16777216,8405.178810023963,67241.4304801917
0,64,3.9437300000000004,16777216,16777216,8508.298488993922,68066.38791195137
0,65,3.973842,16777216,16777216,8443.826402760855,67550.61122208684
0,66,3.9316969999999998,16777216,16777216,8534.338225961972,68274.70580769578
0,67,3.9465769999999996,16777216,16777216,8502.160733212604,68017.28586570083
0,68,4.0032820000000005,16777216,16777216,8381.730789886897,67053.84631909517
0,69,3.9532329999999996,16777216,16777216,8487.845770790642,67902.76616632513
0,70,3.935154,16777216,16777216,8526.840880941381,68214.72704753105
0,71,3.9705779999999997,16777216,16777216,8450.767621238017,67606.14096990414
0,72,3.95973,16777216,16777216,8473.919181358326,67791.3534508666
0,73,3.946738,16777216,16777216,8501.813903025739,68014.51122420591
0,74,3.98565,16777216,16777216,8418.81048260635,67350.4838608508
0,75,3.9741940000000002,16777216,16777216,8443.07852107874,67544.62816862992
0,76,3.972466,16777216,16777216,8446.75121196758,67574.00969574063
0,77,3.98453,16777216,16777216,8421.176901667199,67369.41521333759
0,78,3.959794,16777216,16777216,8473.782222004478,67790.25777603583
0,79,3.959922,16777216,16777216,8473.508316577952,67788.06653262362
0,80,3.970642,16777216,16777216,8450.63140922803,67605.05127382424
0,81,3.965394,16777216,16777216,8461.815395897609,67694.52316718087
0,82,3.927089,16777216,16777216,8544.352317963765,68354.81854371012
0,83,3.9689139999999994,16777216,16777216,8454.31067541398,67634.48540331185
0,84,3.9789939999999997,16777216,16777216,8432.893339371712,67463.1467149737
0,85,3.932018,16777216,16777216,8533.641504184367,68269.13203347493
0,86,3.9738739999999995,16777216,16777216,8443.758408042127,67550.06726433702
0,87,3.97797,16777216,16777216,8435.064115616758,67480.51292493407
0,88,3.9475379999999998,16777216,16777216,8500.090942759767,68000.72754207814
0,89,4.0049459999999995,16777216,16777216,8378.248295982019,67025.98636785615
0,90,3.9731699999999996,16777216,16777216,8445.254544859647,67562.03635887717
0,91,3.929682,16777216,16777216,8538.714328538543,68309.71462830834
0,92,3.948849,16777216,16777216,8497.268951028514,67978.15160822812
0,93,3.957169,16777216,16777216,8479.403331017706,67835.22664814164
0,94,3.917714,16777216,16777216,8564.79875764285,68518.3900611428
0,95,3.9433769999999995,16777216,16777216,8509.0601279056,68072.4810232448
0,96,3.940946,16777216,16777216,8514.309000935309,68114.47200748247
0,97,3.9294890000000002,16777216,16777216,8539.13371433283,68313.06971466263
0,98,3.929042,16777216,16777216,8540.10519612669,68320.84156901352
0,99,3.9564980000000003,16777216,16777216,8480.841390542848,67846.73112434278
0,100,3.9439210000000005,16777216,16777216,8507.886440930231,68063.09152744185
0,101,3.958738,16777216,16777216,8476.04261762208,67808.34094097665
0,102,4.003219,16777216,16777216,8381.862695995398,67054.90156796318
0,103,4.0138739999999995,16777216,16777216,8359.612683407602,66876.90146726082
0,104,3.948402,16777216,16777216,8498.230929879986,67985.84743903989
0,105,3.9808179999999997,16777216,16777216,8429.029410538236,67432.23528430589
0,106,3.9839860000000002,16777216,16777216,8422.326785284888,67378.6142822791
0,107,3.930162,16777216,16777216,8537.671475119854,68301.37180095883
0,108,3.972466,16777216,16777216,8446.75121196758,67574.00969574063
0,109,3.954801,16777216,16777216,8484.480508627363,67875.8440690189
0,110,3.9250730000000003,16777216,16777216,8548.740876921269,68389.92701537015
0,111,3.996338,16777216,16777216,8396.29480789663,67170.35846317303
0,112,3.973202,16777216,16777216,8445.186527138565,67561.49221710852
0,113,3.932626,16777216,16777216,8532.32216844419,68258.57734755352
0,114,3.989106,16777216,16777216,8411.51676591196,67292.13412729568
0,115,3.949298,16777216,16777216,8496.302887247302,67970.42309797842
0,116,3.9172010000000004,16777216,16777216,8565.92041102818,68527.36328822545
0,117,4.002098,16777216,16777216,8384.2104816024,67073.6838528192
0,118,3.9442419999999996,16777216,16777216,8507.194031197883,68057.55224958307
0,119,3.904369,16777216,16777216,8594.072947510853,68752.58358008682
0,120,3.957906,16777216,16777216,8477.82438491465,67822.5950793172
0,121,3.9748020000000004,16777216,16777216,8441.787037442367,67534.29629953894
0,122,3.9168170000000004,16777216,16777216,8566.760203501975,68534.0816280158
0,123,3.9483699999999997,16777216,16777216,8498.299804729548,67986.39843783638
0,124,3.923697,16777216,16777216,8551.738832025001,68413.91065620001
0,125,3.9527850000000004,16777216,16777216,8488.80776465201,67910.46211721608
0,126,3.967794,16777216,16777216,8456.69709667387,67653.57677339096
0,127,3.96149,16777216,16777216,8470.154411597658,67761.23529278126
0,128,3.9077610000000003,16777216,16777216,8586.613152646745,68692.90522117396
0,129,3.975346,16777216,16777216,8440.631834310774,67525.0546744862
0,130,3.933394,16777216,16777216,8530.656222082,68245.249776656
0,131,3.893297,16777216,16777216,8618.51330633137,68948.10645065096
0,132,3.9619690000000003,16777216,16777216,8469.130374316406,67753.04299453125
0,133,3.964017,16777216,16777216,8464.754818155421,67718.03854524337
0,134,3.9226419999999997,16777216,16777216,8554.038834030738,68432.3106722459
0,135,3.931441,16777216,16777216,8534.893948554742,68279.15158843793
0,136,3.922674,16777216,16777216,8553.969052743103,68431.75242194482
0,137,3.898481,16777216,16777216,8607.052849558584,68856.42279646867
0,138,3.905681,16777216,16777216,8591.186018520202,68729.48814816162
0,139,3.927857,16777216,16777216,8542.681670946778,68341.45336757423
0,140,3.916913,16777216,16777216,8566.550239946611,68532.40191957289
0,141,3.933522,16777216,16777216,8530.378627601422,68243.02902081137
0,142,3.9465460000000006,16777216,16777216,8502.227517429164,68017.82013943332
0,143,3.9343529999999998,16777216,16777216,8528.576871470354,68228.61497176283
0,144,3.9378420000000003,16777216,16777216,8521.020396450644,68168.16317160515
0,145,3.947345,16777216,16777216,8500.50654300549,68004.05234404391
0,146,3.9275059999999997,16777216,16777216,8543.445127773199,68347.56102218559
0,147,3.940369,16777216,16777216,8515.555776629042,68124.44621303234
0,148,3.9479529999999996,16777216,16777216,8499.197432188277,67993.57945750622
0,149,3.895729,16777216,16777216,8613.132997700815,68905.06398160652
0,150,3.933522,16777216,16777216,8530.378627601422,68243.02902081137
0,151,3.9320809999999997,16777216,16777216,8533.504777750002,68268.03822200002
0,152,3.914002,16777216,16777216,8572.921526355889,68583.37221084711
0,153,3.9443050000000004,16777216,16777216,8507.058150928997,68056.46520743197
0,154,3.9361780000000004,16777216,16777216,8524.622616152014,68196.98092921611
0,155,3.899089,16777216,16777216,8605.710718580673,68845.68574864538
0,156,3.946865,16777216,16777216,8501.54033644424,68012.32269155393
0,157,3.9345450000000004,16777216,16777216,8528.16068948252,68225.28551586016
0,158,3.914577,16777216,16777216,8571.662276664887,68573.2982133191
0,159,3.937266,16777216,16777216,8522.26697408811,68178.13579270488
0,160,3.9757300000000004,16777216,16777216,8439.816587142486,67518.53269713989
0,161,3.9209129999999996,16777216,16777216,8557.810897614918,68462.48718091934
0,162,3.9580659999999996,16777216,16777216,8477.481679183724,67819.85343346979
0,163,3.948722,16777216,16777216,8497.542242781336,67980.33794225068
0,164,3.924657,16777216,16777216,8549.647013739035,68397.17610991228
0,165,3.998802,16777216,16777216,8391.121140781665,67128.96912625332
0,166,3.9860980000000006,16777216,16777216,8417.864287330616,67342.91429864493
0,167,3.919825,16777216,16777216,8560.18623280376,68481.48986243008
0,168,3.9773940000000003,16777216,16777216,8436.285668455275,67490.2853476422
0,169,3.9593140000000004,16777216,16777216,8474.809525084396,67798.47620067517
0,170,3.9173289999999996,16777216,16777216,8565.640516790905,68525.12413432724
0,171,3.955602,16777216,16777216,8482.762421497411,67862.09937197929
0,172,3.971186,16777216,16777216,8449.47378440597,67595.79027524775
0,173,3.938545,16777216,16777216,8519.4994598259,68155.9956786072
0,174,4.005618,16777216,16777216,8376.84272439359,67014.74179514872
0,175,3.9555700000000003,16777216,16777216,8482.831045841685,67862.64836673348
0,176,3.912657,16777216,16777216,8575.868521058708,68606.94816846967
0,177,3.9738739999999995,16777216,16777216,8443.758408042127,67550.06726433702
0,178,3.9663220000000003,16777216,16777216,8459.835585713918,67678.68468571134
0,179,3.98181,16777216,16777216,8426.929461727204,67415.43569381764
0,180,3.9516660000000003,16777216,16777216,8491.2115548227,67929.6924385816
0,181,4.00453,16777216,16777216,8379.118648130992,67032.94918504794
0,182,3.9415860000000005,16777216,16777216,8512.926522470903,68103.41217976723
0,183,3.941425,16777216,16777216,8513.274259944055,68106.19407955244
0,184,3.965521,16777216,16777216,8461.54439731879,67692.35517855032
0,185,3.999923,16777216,16777216,8388.769483812564,67110.15587050052
0,186,3.918673,16777216,16777216,8562.702731256219,68501.62185004975
0,187,3.9930419999999995,16777216,16777216,8403.225410601743,67225.80328481394
0,188,4.005523,16777216,16777216,8377.04140008683,67016.33120069464
0,189,3.94293,16777216,16777216,8510.024778527642,68080.19822822114
0,190,3.9899059999999995,16777216,16777216,8409.83020652617,67278.64165220936
0,191,4.002546,16777216,16777216,8383.272047341867,67066.17637873493
0,192,3.964466,16777216,16777216,8463.796132947036,67710.36906357629
0,193,3.96181,16777216,16777216,8469.47026737779,67755.76213902232
0,194,3.9870900000000002,16777216,16777216,8415.769897343676,67326.15917874941
0,195,3.958962,16777216,16777216,8475.563038998607,67804.50431198886
0,196,3.9479220000000006,16777216,16777216,8499.264169859485,67994.11335887588
0,197,3.961425,16777216,16777216,8470.293391898116,67762.34713518493
0,198,3.9372010000000004,16777216,16777216,8522.407669814163,68179.26135851331
0,199,3.945458,16777216,16777216,8504.572092770979,68036.57674216783
1,0,3.966514,16777216,16777216,8459.42608547455,67675.4086837964
1,1,3.948562,16777216,16777216,8497.886572377489,67983.09257901991
1,2,3.9829619999999997,16777216,16777216,8424.492124203043,67395.93699362435
1,3,3.995666,16777216,16777216,8397.706915442881,67181.65532354305
1,4,3.9570739999999995,16777216,16777216,8479.606901463052,67836.85521170442
1,5,3.950546,16777216,16777216,8493.618856735246,67948.95085388196
1,6,3.9712180000000004,16777216,16777216,8449.405698705032,67595.24558964025
1,7,3.9473770000000004,16777216,16777216,8500.437632382213,68003.5010590577
1,8,3.9527219999999996,16777216,16777216,8488.943062527545,67911.54450022036
1,9,3.958546,16777216,16777216,8476.453728212327,67811.62982569862
1,10,3.9341289999999995,16777216,16777216,8529.062468465067,68232.49974772053
1,11,3.953873,16777216,16777216,8486.471872010052,67891.77497608041
1,12,3.9996349999999996,16777216,16777216,8389.373530334644,67114.98824267715
1,13,3.9439849999999996,16777216,16777216,8507.748381395973,68061.98705116779
1,14,3.9571700000000005,16777216,16777216,8479.401188222895,67835.20950578316
1,15,3.964594,16777216,16777216,8463.522872707772,67708.18298166218
1,16,3.982994,16777216,16777216,8424.424440508823,67395.39552407058
1,17,3.9755700000000003,16777216,16777216,8440.156254323278,67521.25003458622
1,18,3.9828980000000005,16777216,16777216,8424.627494854249,67397.01995883399
1,19,3.9501299999999997,16777216,16777216,8494.513345130414,67956.10676104331
1,20,3.94629,16777216,16777216,8502.779065907473,68022.23252725978
1,21,3.9830259999999997,16777216,16777216,8424.356757902158,67394.85406321727
1,22,3.927985,16777216,16777216,8542.403293291598,68339.22634633278
1,23,3.9432820000000004,16777216,16777216,8509.265124837635,68074.12099870108
1,24,3.987826,16777216,16777216,8414.216668430368,67313.73334744295
1,25,3.9329129999999997,16777216,16777216,8531.699531619439,68253.59625295551
1,26,3.910513,16777216,16777216,8580.570375293471,68644.56300234777
1,27,3.9547380000000003,16777216,16777216,8484.61566859802,67876.92534878416
1,28,3.983378,16777216,16777216,8423.612320999915,67388.89856799932
1,29,3.9567539999999997,16777216,16777216,8480.292684356926,67842.3414748554
1,30,4.027890999999999,16777216,16777216,8330.521357206539,66644.17085765231
1,31,3.9746740000000003,16777216,16777216,8442.058895899387,67536.4711671951
1,32,3.8987689999999997,16777216,16777216,8606.417051125625,68851.336409005
1,33,3.9700660000000005,16777216,16777216,8451.857475417284,67614.85980333827
1,34,3.9520500000000003,16777216,16777216,8490.38650826786,67923.09206614288
1,35,3.880912,16777216,16777216,8646.01722481726,69168.13779853808
1,36,3.9345459999999997,16777216,16777216,8528.158521974327,68225.26817579461
1,37,3.9561140000000004,16777216,16777216,8481.664582972078,67853.31666377663
1,38,3.885264,16777216,16777216,8636.332563244096,69090.66050595276
1,39,3.957105,16777216,16777216,8479.540472138091,67836.32377710473
1,40,3.955346,16777216,16777216,8483.311447342407,67866.49157873925
1,41,3.9428659999999995,16777216,16777216,8510.16291195288,68081.30329562305
1,42,3.9441770000000003,16777216,16777216,8507.334229675798,68058.67383740639
1,43,3.9796980000000004,16777216,16777216,8431.401578712756,67451.21262970204
1,44,3.950546,16777216,16777216,8493.618856735246,67948.95085388196
1,45,3.9454900000000004,16777216,16777216,8504.503116216236,68036.02492972989
1,46,3.9756339999999994,16777216,16777216,8440.020384170173,67520.16307336139
1,47,3.947089,16777216,16777216,8501.057868216298,68008.46294573038
1,48,3.9288179999999997,16777216,16777216,8540.592106837223,68324.73685469778
1,49,3.9475379999999998,16777216,16777216,8500.090942759767,68000.72754207814
1,50,3.9543850000000003,16777216,16777216,8485.373073183313,67882.9845854665
1,51,3.9110259999999997,16777216,16777216,8579.444882238064,68635.55905790451
1,52,3.965041,16777216,16777216,8462.568735102614,67700.54988082091
1,53,3.954353,16777216,16777216,8485.441739773865,67883.53391819092
1,54,4.135444000000001,16777216,16777216,8113.86443632171,64910.91549057368
1,55,3.9810419999999995,16777216,16777216,8428.555137072153,67428.44109657723
1,56,3.994642,16777216,16777216,8399.859611950207,67198.87689560166
1,57,3.9542889999999997,16777216,16777216,8485.579076289063,67884.6326103125
1,58,3.9495210000000003,16777216,16777216,8495.823164378668,67966.58531502934
1,59,4.000051,16777216,16777216,8388.501046611655,67108.00837289324
1,60,3.9483369999999995,16777216,16777216,8498.37083308745,67986.9666646996
1,61,3.930258,16777216,16777216,8537.462935003248,68299.70348002599
1,62,3.963506,16777216,16777216,8465.84614732512,67726.76917860095
1,63,3.945105,16777216,16777216,8505.333064645934,68042.66451716748
1,64,3.926418,16777216,16777216,8545.812493728381,68366.49994982705
1,65,3.96629,16777216,16777216,8459.9038396083,67679.2307168664
1,66,3.9334890000000002,16777216,16777216,8530.45019319998,68243.60154559984
1,67,4.101172,16777216,16777216,8181.669044848643,65453.35235878915
1,68,3.996338,16777216,16777216,8396.29480789663,67170.35846317303
1,69,3.970194,16777216,16777216,8451.5849855196,67612.6798841568
1,70,3.93973,16777216,16777216,8516.93694745579,68135.49557964632
1,71,3.9626740000000003,16777216,16777216,8467.623629902435,67740.98903921948
1,72,3.935537,16777216,16777216,8526.011062785077,68208.08850228062
1,73,3.947858,16777216,16777216,8499.40195417363,67995.21563338905
1,74,3.960562,16777216,16777216,8472.1390550129,67777.1124401032
1,75,3.931953,16777216,16777216,8533.782575732721,68270.26060586177
1,76,3.9138410000000006,16777216,16777216,8573.2741825741,68586.1934605928
1,77,3.9462580000000003,16777216,16777216,8502.848014498799,68022.78411599039
1,78,3.9249130000000005,16777216,16777216,8549.08936835033,68392.71494680263
1,79,3.907089,16777216,16777216,8588.090007675792,68704.72006140633
1,80,4.007378,16777216,16777216,8373.16369955617,66985.30959644936
1,81,3.98261,16777216,16777216,8425.23671662553,67401.89373300424
1,82,3.9367539999999996,16777216,16777216,8523.375349336027,68187.00279468822
1,83,3.962706,16777216,16777216,8467.5552513863,67740.4420110904
1,84,3.948689,16777216,16777216,8497.61325847642,67980.90606781136
1,85,3.9155049999999996,16777216,16777216,8569.630737286761,68557.04589829409
1,86,3.9504170000000003,16777216,16777216,8493.896213994623,67951.16971195699
1,87,4.0093630000000005,16777216,16777216,8369.01822060013,66952.14576480104
1,88,3.923697,16777216,16777216,8551.738832025001,68413.91065620001
1,89,3.9553139999999996,16777216,16777216,8483.380080570088,67867.04064456071
1,90,3.9413620000000003,16777216,16777216,8513.410338862555,68107.28271090044
1,91,3.924657,16777216,16777216,8549.647013739035,68397.17610991228
1,92,3.967986,16777216,16777216,8456.287900209325,67650.3032016746
1,93,4.012018,16777216,16777216,8363.47992456664,66907.83939653312
1,94,3.9949310000000002,16777216,16777216,8399.251952036218,67194.01561628975
1,95,4.026994,16777216,16777216,8332.376954125088,66659.0156330007
1,96,3.9411380000000005,16777216,16777216,8513.894210250946,68111.15368200757
1,97,3.9880820000000003,16777216,16777216,8413.676549278574,67309.4123942286
1,98,3.972178,16777216,16777216,8447.363637782597,67578.90910226078
1,99,3.9403379999999997,16777216,16777216,8515.622771447526,68124.98217158021
1,100,3.971314,16777216,16777216,8449.201448185664,67593.61158548531
1,101,4.001137999999999,16777216,16777216,8386.222119806916,67089.77695845533
1,102,3.950162,16777216,16777216,8494.444531641993,67955.55625313595
1,103,3.949298,16777216,16777216,8496.302887247302,67970.42309797842
1,104,3.970034,16777216,16777216,8451.925600637174,67615.4048050974
1,105,3.9334890000000002,16777216,16777216,8530.45019319998,68243.60154559984
1,106,3.942994,16777216,16777216,8509.886649586582,68079.09319669266
1,107,3.999346,16777216,16777216,8389.979761691036,67119.83809352829
1,108,3.992179,16777216,16777216,8405.041958288944,67240.33566631156
1,109,3.9435370000000005,16777216,16777216,8508.714892240137,68069.7191379211
1,110,3.9976830000000003,16777216,16777216,8393.469917449682,67147.75933959745
1,111,3.977842,16777216,16777216,8435.335541230648,67482.68432984519
1,112,3.9251370000000003,16777216,16777216,8548.601488304737,68388.8119064379
1,113,3.974578,16777216,16777216,8442.262801233237,67538.1024098659
1,114,3.983538,16777216,16777216,8423.273984081488,67386.1918726519
1,115,3.994514,16777216,16777216,8400.12877661713,67201.03021293704
1,116,3.9684660000000003,16777216,16777216,8455.265082276122,67642.12065820898
1,117,3.9639860000000002,16777216,16777216,8464.821016017715,67718.56812814172
1,118,3.9353130000000003,16777216,16777216,8526.496367633274,68211.97094106619
1,119,3.9593140000000004,16777216,16777216,8474.809525084396,67798.47620067517
1,120,4.004243,16777216,16777216,8379.719212844975,67037.7537027598
1,121,3.959697,16777216,16777216,8473.98980275511,67791.91842204088
1,122,3.9688179999999997,16777216,16777216,8454.515173031366,67636.12138425093
1,123,3.987794,16777216,16777216,8414.284188200292,67314.27350560234
1,124,3.949841,16777216,16777216,8495.134867454159,67961.07893963327
1,125,3.958866,16777216,16777216,8475.768566048964,67806.14852839171
1,126,3.995282,16777216,16777216,8398.514047318813,67188.1123785505
1,127,3.9463220000000003,16777216,16777216,8502.710118434328,68021.68094747463
1,128,3.948594,16777216,16777216,8497.81770422586,67982.54163380688
1,129,4.049011,16777216,16777216,8287.068619966703,66296.54895973363
1,130,3.9614890000000003,16777216,16777216,8470.156549721582,67761.25239777265
1,131,3.9707689999999998,16777216,16777216,8450.361126522344,67602.88901217876
1,132,3.9885620000000004,16777216,16777216,8412.664012744443,67301.31210195554
1,133,3.9904500000000005,16777216,16777216,8408.683732411131,67269.46985928905
1,134,3.9920499999999994,16777216,16777216,8405.313560701896,67242.50848561517
1,135,3.985842,16777216,16777216,8418.404944300351,67347.23955440281
1,136,3.9500660000000005,16777216,16777216,8494.650975452056,67957.20780361645
1,137,3.966194,16777216,16777216,8460.108607899663,67680.8688631973
1,138,4.006098,16777216,16777216,8375.839033393591,67006.71226714873
1,139,3.9441779999999995,16777216,16777216,8507.33207274114,68058.65658192911
1,140,3.9384490000000003,16777216,16777216,8519.707123286349,68157.65698629079
1,141,3.9796650000000002,16777216,16777216,8431.471493203573,67451.77194562858
1,142,3.9442410000000003,16777216,16777216,8507.196188062544,68057.56950450035
1,143,3.9595380000000002,16777216,16777216,8474.330085984779,67794.64068787823
1,144,3.972242,16777216,16777216,8447.227535482481,67577.82028385985
1,145,3.9789939999999997,16777216,16777216,8432.893339371712,67463.1467149737
1,146,3.93797,16777216,16777216,8520.743428720889,68165.94742976711
1,147,3.994834,16777216,16777216,8399.455897291351,67195.64717833081
1,148,3.9710900000000002,16777216,16777216,8449.67804809259,67597.42438474072
1,149,3.938674,16777216,16777216,8519.220427991757,68153.76342393406
1,150,3.9689139999999994,16777216,16777216,8454.31067541398,67634.48540331185
1,151,3.959473,16777216,16777216,8474.469203351053,67795.75362680842
1,152,3.9198890000000004,16777216,16777216,8560.046470703634,68480.37176562907
1,153,3.980562,16777216,16777216,8429.571502717456,67436.57202173964
1,154,3.9571379999999996,16777216,16777216,8479.469758193927,67835.75806555142
1,155,3.9217770000000005,16777216,16777216,8555.925540896384,68447.40432717107
1,156,3.95445,16777216,16777216,8485.233597592585,67881.86878074068
1,157,4.029907,16777216,16777216,8326.353933229724,66610.8314658378
1,158,3.9516009999999997,16777216,16777216,8491.351227009003,67930.80981607203
1,159,3.990866,16777216,16777216,8407.807227804693,67262.45782243754
1,160,3.9825779999999997,16777216,16777216,8425.304413372443,67402.43530697955
1,161,3.930993,16777216,16777216,8535.86663725934,68286.93309807472
1,162,3.9710259999999997,16777216,16777216,8449.814229370446,67598.51383496357
1,163,3.9844019999999998,16777216,16777216,8421.447434269936,67371.57947415949
1,164,3.927665,16777216,16777216,8543.099271450084,68344.79417160068
1,165,3.9839860000000002,16777216,16777216,8422.326785284888,67378.6142822791
1,166,3.986834,16777216,16777216,8416.310285304078,67330.48228243263
1,167,3.9167530000000004,16777216,16777216,8566.900184923583,68535.20147938866
1,168,3.953969,16777216,16777216,8486.26582555402,67890.12660443215
1,169,3.9957949999999998,16777216,16777216,8397.435804389364,67179.48643511492
1,170,3.945457,16777216,16777216,8504.574248306342,68036.59398645074
1,171,4.031795000000001,16777216,16777216,8322.45488671919,66579.63909375352
1,172,3.9984499999999996,16777216,16777216,8391.859845690205,67134.87876552164
1,173,3.962257,16777216,16777216,8468.514788414785,67748.11830731828
1,174,3.957714,16777216,16777216,8478.235668368154,67825.88534694523
1,175,3.972946,16777216,16777216,8445.730699586655,67565.84559669324
1,176,3.9486260000000004,16777216,16777216,8497.748837190455,67981.99069752364
1,177,3.926481,16777216,16777216,8545.67537701061,68365.40301608488
1,178,3.960434,16777216,16777216,8472.412871922623,67779.30297538098
1,179,3.94133,16777216,16777216,8513.479459979246,68107.83567983397
1,180,3.9276969999999998,16777216,16777216,8543.02966853095,68344.2373482476
1,181,3.9957940000000005,16777216,16777216,8397.437905958113,67179.5032476649
1,182,3.9404339999999998,16777216,16777216,8515.41530704486,68123.32245635887
1,183,3.8991849999999997,16777216,16777216,8605.498841424554,68843.99073139644
1,184,4.009074,16777216,16777216,8369.621513596407,66956.97210877125
1,185,4.018002,16777216,16777216,8351.024215518062,66808.1937241445
1,186,3.934706,16777216,16777216,8527.811734853889,68222.49387883111
1,187,3.937041,16777216,16777216,8522.754017547697,68182.03214038158
1,188,4.00229,16777216,16777216,8383.808269765559,67070.46615812447
1,189,3.9743850000000003,16777216,16777216,8442.6727657235,67541.382125788
1,190,3.995282,16777216,16777216,8398.514047318813,67188.1123785505
1,191,3.983634,16777216,16777216,8423.070994975944,67384.56795980755
1,192,3.913201,16777216,16777216,8574.676332751627,68597.41066201302
1,193,3.982322,16777216,16777216,8425.846026514178,67406.76821211343
1,194,3.9427380000000003,16777216,16777216,8510.43919225675,68083.513538054
1,195,3.9077610000000003,16777216,16777216,8586.613152646745,68692.90522117396
1,196,4.005459,16777216,16777216,8377.175250077456,67017.40200061965
1,197,3.918929,16777216,16777216,8562.143381520818,68497.14705216655
1,198,3.9308650000000003,16777216,16777216,8536.144589040834,68289.15671232667
1,199,3.9399530000000005,16777216,16777216,8516.454891720789,68131.63913376631
2,0,3.9380020000000004,16777216,16777216,8520.674189601732,68165.39351681386
2,1,3.894641,16777216,16777216,8615.539147253881,68924.31317803105
2,2,3.931825,16777216,16777216,8534.060391802788,68272.4831344223
2,3,3.910353,16777216,16777216,8580.921466680886,68647.37173344709
2,4,3.877265,16777216,16777216,8654.149767942094,69233.19814353675
2,5,3.920113,16777216,16777216,8559.557339290985,68476.45871432788
2,6,3.9239849999999996,16777216,16777216,8551.111179069238,68408.8894325539
2,7,3.8892330000000004,16777216,16777216,8627.519102095452,69020.15281676361
2,8,3.922513,16777216,16777216,8554.320151392743,68434.56121114195
2,9,3.975538,16777216,16777216,8440.224191040306,67521.79352832245
2,10,3.9270579999999997,16777216,16777216,8544.419766654835,68355.35813323868
2,11,3.952881,16777216,16777216,8488.601604753596,67908.81283802877
2,12,3.935633,16777216,16777216,8525.803091904148,68206.42473523319
2,13,3.957042,16777216,16777216,8479.675474761198,67837.40379808958
2,14,4.035251,16777216,16777216,8315.32710108987,66522.61680871896
2,15,3.9907060000000003,16777216,16777216,8408.14432333527,67265.15458668215
2,16,3.9592819999999995,16777216,16777216,8474.878020812865,67799.02416650292
2,17,4.007506,16777216,16777216,8372.896260167796,66983.17008134237
2,18,3.9683699999999997,16777216,16777216,8455.469626068134,67643.75700854507
2,19,3.948338,16777216,16777216,8498.368680695523,67986.94944556418
2,20,3.9857460000000002,16777216,16777216,8418.607708569487,67348.8616685559
2,21,3.9539700000000004,16777216,16777216,8486.263679289423,67890.10943431538
2,22,4.026643,16777216,16777216,8333.103282312339,66664.82625849871
2,23,4.024627000000001,16777216,16777216,8337.277466955322,66698.21973564257
2,24,4.030034,16777216,16777216,8326.091541659449,66608.73233327559
2,25,3.940946,16777216,16777216,8514.309000935309,68114.47200748247
2,26,3.977522,16777216,16777216,8436.01418169403,67488.11345355224
2,27,3.981554,16777216,16777216,8427.47128382536,67419.77027060288
2,28,3.983826,16777216,16777216,8422.665046113962,67381.32036891169
2,29,3.9635369999999996,16777216,16777216,8465.779933428148,67726.23946742518
2,30,3.962866,16777216,16777216,8467.21337537025,67737.707002962
2,31,3.9398899999999997,16777216,16777216,8516.591072339583,68132.72857871666
2,32,3.944785,16777216,16777216,8506.023015196011,68048.18412156809
2,33,3.953809,16777216,16777216,8486.609241872837,67892.8739349827
2,34,3.9085609999999997,16777216,16777216,8584.855654037383,68678.84523229906
2,35,4.181364,16777216,16777216,8024.757471485381,64198.05977188305
2,36,4.036979,16777216,16777216,8311.767784771733,66494.14227817387
2,37,3.96821,16777216,16777216,8455.810554380943,67646.48443504755
2,38,3.99125,16777216,16777216,8406.998308800501,67255.98647040401
2,39,3.994258,16777216,16777216,8400.667157704886,67205.33726163908
2,40,3.953713,16777216,16777216,8486.815305005699,67894.52244004559
2,41,4.006611,16777216,16777216,8374.766604494422,66998.13283595537
2,42,4.029617999999999,16777216,16777216,8326.951090649289,66615.60872519431
2,43,3.948977,16777216,16777216,8496.993525158541,67975.94820126833
2,44,3.96965,16777216,16777216,8452.74318894613,67621.94551156904
2,45,3.9793140000000005,16777216,16777216,8432.215200911513,67457.7216072921
2,46,3.9215860000000005,16777216,16777216,8556.342255403808,68450.73804323046
2,47,3.9796019999999994,16777216,16777216,8431.60496954218,67452.83975633745
2,48,3.985394,16777216,16777216,8419.351261130016,67354.81008904013
2,49,3.9750260000000006,16777216,16777216,8441.31132727182,67530.49061817456
2,50,3.997842,16777216,16777216,8393.136096924292,67145.08877539434
2,51,3.9827380000000003,16777216,16777216,8424.965940516297,67399.72752413037
2,52,3.9194420000000005,16777216,16777216,8561.022717009206,68488.18173607365
2,53,3.960305,16777216,16777216,8472.688845934847,67781.51076747877
2,54,3.950034,16777216,16777216,8494.719792285332,67957.75833828266
2,55,3.9454900000000004,16777216,16777216,8504.503116216236,68036.02492972989
2,56,3.974226,16777216,16777216,8443.010538404207,67544.08430723366
2,57,3.9599539999999998,16777216,16777216,8473.439842988075,67787.5187439046
2,58,3.903345,16777216,16777216,8596.327508841776,68770.6200707342
2,59,3.938225,16777216,16777216,8520.191710732626,68161.53368586101
2,60,3.9385779999999997,16777216,16777216,8519.428077849418,68155.42462279534
2,61,3.9116009999999997,16777216,16777216,8578.183715568128,68625.46972454502
2,62,3.953778,16777216,16777216,8486.675781998889,67893.40625599111
2,63,3.96389,16777216,16777216,8465.026022417373,67720.20817933898
2,64,3.924401,16777216,16777216,8550.204731881375,68401.637855051
2,65,3.9767860000000006,16777216,16777216,8437.575469235708,67500.60375388566
2,66,3.9615220000000004,16777216,16777216,8470.085992201986,67760.68793761589
2,67,3.921073,16777216,16777216,8557.461694796297,68459.69355837037
2,68,3.9790900000000002,16777216,16777216,8432.689886381057,67461.51909104845
2,69,3.959921,16777216,16777216,8473.510456395468,67788.08365116375
2,70,3.9599539999999998,16777216,16777216,8473.439842988075,67787.5187439046
2,71,3.9512820000000004,16777216,16777216,8492.036761739608,67936.29409391686
2,72,3.985586,16777216,16777216,8418.945670724455,67351.56536579564
2,73,3.975506,16777216,16777216,8440.292128851019,67522.33703080815
2,74,3.956594,16777216,16777216,8480.63561740224,67845.08493921792
2,75,3.9957940000000005,16777216,16777216,8397.437905958113,67179.5032476649
2,76,3.968338,16777216,16777216,8455.537809531344,67644.30247625076
2,77,4.009138,16777216,16777216,8369.487904881298,66955.90323905039
2,78,4.008722000000001,16777216,16777216,8370.356437787405,66962.85150229924
2,79,3.988274,16777216,16777216,8413.271505418134,67306.17204334507
2,80,3.94085,16777216,16777216,8514.51641143408,68116.13129147264
2,81,3.9935860000000005,16777216,16777216,8402.080736460915,67216.64589168732
2,82,3.959666,16777216,16777216,8474.056145139515,67792.44916111612
2,83,3.925105,16777216,16777216,8548.671182044813,68389.3694563585
2,84,4.011123,16777216,16777216,8365.346063932719,66922.76851146175
2,85,3.975826,16777216,16777216,8439.612799956538,67516.9023996523
2,86,3.915537,16777216,16777216,8569.560701380167,68556.48561104134
2,87,4.002419,16777216,16777216,8383.53805536102,67068.30444288815
2,88,3.985074,16777216,16777216,8420.027331989319,67360.21865591455
2,89,3.943825,16777216,16777216,8508.09353863318,68064.74830906544
2,90,3.995411,16777216,16777216,8398.24288414884,67185.94307319072
2,91,3.981938,16777216,16777216,8426.658576803557,67413.26861442845
2,92,3.9515369999999996,16777216,16777216,8491.488754881962,67931.9100390557
2,93,3.978161,16777216,16777216,8434.659130186034,67477.27304148827
2,94,4.028754,16777216,16777216,8328.736874974247,66629.89499979398
2,95,3.956274,16777216,16777216,8481.32156670645,67850.5725336516
2,96,3.965778,16777216,16777216,8460.996051720495,67687.96841376396
2,97,4.025970999999999,16777216,16777216,8334.494212700489,66675.95370160391
2,98,3.9819699999999996,16777216,16777216,8426.59085829376,67412.72686635009
2,99,4.27647,16777216,16777216,7846.291918334514,62770.33534667611
2,100,3.992082,16777216,16777216,8405.246184822858,67241.96947858286
2,101,3.9666099999999997,16777216,16777216,8459.22135022097,67673.77080176777
2,102,3.9485609999999998,16777216,16777216,8497.888724525214,67983.10979620171
2,103,3.9752499999999995,16777216,16777216,8440.835670712535,67526.68536570028
2,104,3.955953,16777216,16777216,8482.009771096877,67856.07816877501
2,105,3.9334260000000003,16777216,16777216,8530.586821768096,68244.69457414477
2,106,3.991954,16777216,16777216,8405.515694820131,67244.12555856105
2,107,3.953906,16777216,16777216,8486.401042412237,67891.2083392979
2,108,3.9338410000000006,16777216,16777216,8529.686888717668,68237.49510974134
2,109,3.9785139999999997,16777216,16777216,8433.910751602232,67471.28601281786
2,110,3.977042,16777216,16777216,8437.032347156504,67496.25877725203
2,111,3.930226,16777216,16777216,8537.532447243491,68300.25957794793
2,112,4.184819999999999,16777216,16777216,8018.1302899527345,64145.042319621876
2,113,3.995986,16777216,16777216,8397.034424044528,67176.27539235623
2,114,3.97061,16777216,16777216,8450.699514684142,67605.59611747313
2,115,3.978802,16777216,16777216,8433.300274806337,67466.4021984507
2,116,3.96453,16777216,16777216,8463.659500621763,67709.2760049741
2,117,3.9396329999999997,16777216,16777216,8517.146647923806,68137.17318339045
2,118,3.9733930000000006,16777216,16777216,8444.78056915085,67558.2445532068
2,119,3.957617,16777216,16777216,8478.44346736938,67827.54773895504
2,120,3.916402,16777216,16777216,8567.667976882864,68541.34381506291
2,121,3.9574249999999997,16777216,16777216,8478.854810893448,67830.83848714759
2,122,3.9490740000000004,16777216,16777216,8496.784815883419,67974.27852706735
2,123,3.9084649999999996,16777216,16777216,8585.066515882834,68680.53212706267
2,124,3.953778,16777216,16777216,8486.675781998889,67893.40625599111
2,125,4.0989640000000005,16777216,16777216,8186.076286593392,65488.61029274714
2,126,3.978354,16777216,16777216,8434.249943569626,67473.99954855701
2,127,4.021714,16777216,16777216,8343.316307425142,66746.53045940114
2,128,3.981874,16777216,16777216,8426.794017088438,67414.3521367075
2,129,3.9626089999999996,16777216,16777216,8467.762527163291,67742.10021730633
2,130,3.9954099999999997,16777216,16777216,8398.244986121575,67185.9598889726
2,131,3.9723379999999997,16777216,16777216,8447.023390255312,67576.1871220425
2,132,3.9328490000000005,16777216,16777216,8531.838369589068,68254.70695671254
2,133,3.9813619999999994,16777216,16777216,8427.877696125095,67423.02156900076
2,134,3.96325,16777216,16777216,8466.392985554785,67731.14388443828
2,135,3.9263220000000003,16777216,16777216,8546.021441949997,68368.17153559998
2,136,3.9867059999999994,16777216,16777216,8416.580505309397,67332.64404247518
2,137,3.961746,16777216,16777216,8469.60708738016,67756.85669904128
2,138,3.9307049999999997,16777216,16777216,8536.49205422437,68291.93643379497
2,139,3.9817460000000002,16777216,16777216,8427.06491072007,67416.51928576056
2,140,4.009139,16777216,16777216,8369.485817278972,66955.88653823177
2,141,3.9692979999999998,16777216,16777216,8453.492783862537,67627.9422709003
2,142,3.974578,16777216,16777216,8442.262801233237,67538.1024098659
2,143,3.9619060000000004,16777216,16777216,8469.265045662365,67754.12036529892
2,144,3.927473,16777216,16777216,8543.51691278336,68348.13530226688
2,145,3.9641140000000004,16777216,16777216,8464.54768959722,67716.38151677776
2,146,3.933201,16777216,16777216,8531.07481666968,68248.59853335744
2,147,3.9380659999999996,16777216,16777216,8520.535714739164,68164.28571791331
2,148,3.9607540000000006,16777216,16777216,8471.728362831924,67773.82690265539
2,149,3.959473,16777216,16777216,8474.469203351053,67795.75362680842
2,150,3.918545,16777216,16777216,8562.982433530813,68503.8594682465
2,151,3.970322,16777216,16777216,8451.312513191624,67610.50010553299
2,152,3.98325,16777216,16777216,8423.883010104815,67391.06408083852
2,153,3.9268970000000003,16777216,16777216,8544.770081822873,68358.16065458299
2,154,4.012723,16777216,16777216,8362.010534990828,66896.08427992662
2,155,3.95941,16777216,16777216,8474.60404454199,67796.83235633592
2,156,3.9086570000000003,16777216,16777216,8584.644802549827,68677.15842039861
2,157,3.954514,16777216,16777216,8485.096272260003,67880.77017808003
2,158,3.9420330000000003,16777216,16777216,8511.961213921852,68095.68971137481
2,159,3.9396659999999994,16777216,16777216,8517.075305368526,68136.6024429482
2,160,3.929073,16777216,16777216,8540.037815535623,68320.30252428498
2,161,3.9219060000000003,16777216,16777216,8555.644117936534,68445.15294349227
2,162,3.891473,16777216,16777216,8622.552951029083,68980.42360823267
2,163,3.950545,16777216,16777216,8493.621006721858,67948.96805377486
2,164,3.9374579999999995,16777216,16777216,8521.851407684857,68174.81126147886
2,165,3.9205289999999997,16777216,16777216,8558.649100669832,68469.19280535866
2,166,3.9872500000000004,16777216,16777216,8415.432190105961,67323.45752084769
2,167,3.95925,16777216,16777216,8474.946517648545,67799.57214118836
2,168,3.9098409999999997,16777216,16777216,8582.045152219745,68656.36121775796
2,169,3.9777780000000003,16777216,16777216,8435.471260588196,67483.77008470557
2,170,3.946481,16777216,16777216,8502.367552257314,68018.94041805851
2,171,3.93909,16777216,16777216,8518.320728899314,68146.56583119452
2,172,3.9372010000000004,16777216,16777216,8522.407669814163,68179.26135851331
2,173,3.9496499999999997,16777216,16777216,8495.545681262896,67964.36545010317
2,174,3.908689,16777216,16777216,8584.574521022267,68676.59616817813
2,175,3.918994,16777216,16777216,8562.001370759945,68496.01096607956
2,176,3.9348650000000003,16777216,16777216,8527.467143091313,68219.7371447305
2,177,3.9348650000000003,16777216,16777216,8527.467143091313,68219.7371447305
2,178,3.9640500000000003,16777216,16777216,8464.684350601026,67717.47480480821
2,179,3.972562,16777216,16777216,8446.547089762224,67572.37671809779
2,180,3.9316969999999998,16777216,16777216,8534.338225961972,68274.70580769578
2,181,3.954514,16777216,16777216,8485.096272260003,67880.77017808003
2,182,3.9647220000000005,16777216,16777216,8463.24963011278,67705.99704090224
2,183,3.9508340000000004,16777216,16777216,8492.999705884884,67943.99764707907
2,184,3.9378729999999997,16777216,16777216,8520.953316676289,68167.62653341031
2,185,3.940689,16777216,16777216,8514.864278810128,68118.91423048102
2,186,3.9089449999999997,16777216,16777216,8584.012310226928,68672.09848181542
2,187,3.9182569999999997,16777216,16777216,8563.611830464413,68508.8946437153
2,188,3.932593,16777216,16777216,8532.393766657267,68259.15013325814
2,189,3.886609,16777216,16777216,8633.343873798469,69066.75099038775
2,190,3.9318570000000004,16777216,16777216,8533.990936089485,68271.92748871588
2,191,3.9802099999999996,16777216,16777216,8430.316993324474,67442.53594659579
2,192,3.956465,16777216,16777216,8480.912127366222,67847.29701892978
2,193,3.961394,16777216,16777216,8470.359676416938,67762.8774113355
2,194,3.9840500000000003,16777216,16777216,8422.191488560635,67377.53190848508
2,195,3.9534899999999995,16777216,16777216,8487.29401111423,67898.35208891385
2,196,3.9486260000000004,16777216,16777216,8497.748837190455,67981.99069752364
2,197,3.992242,16777216,16777216,8404.9093216293,67239.2745730344
2,198,3.9758579999999997,16777216,16777216,8439.544873081484,67516.35898465187
2,199,3.924466,16777216,16777216,8550.063116867366,68400.50493493893
3,0,3.9626740000000003,16777216,16777216,8467.623629902435,67740.98903921948
3,1,3.9475059999999997,16777216,16777216,8500.159847762106,68001.27878209685
3,2,3.916465,16777216,16777216,8567.530157935791,68540.24126348633
3,3,3.98805,16777216,16777216,8413.744060380386,67309.95248304309
3,4,3.951858,16777216,16777216,8490.799011502944,67926.39209202355
3,5,3.977426,16777216,16777216,8436.217795126797,67489.74236101437
3,6,4.013554,16777216,16777216,8360.279193951295,66882.23355161036
3,7,3.975058,16777216,16777216,8441.24337305267,67529.94698442136
3,8,3.9852350000000003,16777216,16777216,8419.687170267249,67357.49736213799
3,9,3.9845619999999995,16777216,16777216,8421.109271232322,67368.87416985858
3,10,3.9493289999999996,16777216,16777216,8496.236196072801,67969.88956858241
3,11,3.987666,16777216,16777216,8414.554278116573,67316.43422493259
3,12,3.9977779999999994,16777216,16777216,8393.270461741498,67146.16369393199
3,13,3.978098,16777216,16777216,8434.79270746975,67478.341659758
3,14,3.930929,16777216,16777216,8536.005610887401,68288.04488709921
3,15,3.9829619999999997,16777216,16777216,8424.492124203043,67395.93699362435
3,16,3.972433,16777216,16777216,8446.82138125426,67574.57105003408
3,17,3.9717930000000004,16777216,16777216,8448.182470738026,67585.4597659042
3,18,3.980402,16777216,16777216,8429.910345738948,67439.28276591159
3,19,3.9568809999999996,16777216,16777216,8480.020500995608,67840.16400796486
3,20,3.952626,16777216,16777216,8489.149239012242,67913.19391209794
3,21,4.008114,16777216,16777216,8371.62615634186,66973.00925073487
3,22,3.968689,16777216,16777216,8454.789982283823,67638.31985827058
3,23,3.9679529999999996,16777216,16777216,8456.358228033447,67650.86582426757
3,24,3.9796980000000004,16777216,16777216,8431.401578712756,67451.21262970204
3,25,3.9854900000000004,16777216,16777216,8419.14846104243,67353.18768833944
3,26,3.9658100000000003,16777216,16777216,8460.92778020127,67687.42224161015
3,27,3.9979380000000004,16777216,16777216,8392.934557764527,67143.47646211622
3,28,3.9764340000000002,16777216,16777216,8438.322376279853,67506.57901023883
3,29,3.9725940000000004,16777216,16777216,8446.479051219429,67571.83240975543
3,30,3.9881459999999995,16777216,16777216,8413.54153032512,67308.33224260095
3,31,3.9907069999999996,16777216,16777216,8408.142216404263,67265.1377312341
3,32,3.9422249999999996,16777216,16777216,8511.546651954164,68092.37321563331
3,33,3.9717299999999995,16777216,16777216,8448.31647669907,67586.53181359256
3,34,3.994066,16777216,16777216,8401.070988811902,67208.56791049521
3,35,3.9587700000000003,16777216,16777216,8475.974103067367,67807.79282453893
3,36,4.004498000000001,16777216,16777216,8379.185605786291,67033.48484629033
3,37,3.9666090000000005,16777216,16777216,8459.223482828784,67673.78786263027
3,38,3.9236649999999997,16777216,16777216,8551.808576929989,68414.46861543991
3,39,4.031987,16777216,16777216,8322.058578065853,66576.46862452682
3,40,3.9851060000000005,16777216,16777216,8419.959720017485,67359.67776013988
3,41,3.933777,16777216,16777216,8529.825661190249,68238.60528952199
3,42,3.9872500000000004,16777216,16777216,8415.432190105961,67323.45752084769
3,43,3.9819699999999996,16777216,16777216,8426.59085829376,67412.72686635009
3,44,3.9612019999999997,16777216,16777216,8470.770235903143,67766.16188722514
3,45,3.977362,16777216,16777216,8436.353542875906,67490.82834300725
3,46,3.9727219999999996,16777216,16777216,8446.20690800917,67569.65526407336
3,47,3.937393,16777216,16777216,8521.992089689802,68175.93671751842
3,48,3.994514,16777216,16777216,8400.12877661713,67201.03021293704
3,49,3.9740649999999995,16777216,16777216,8443.352587338155,67546.82069870524
3,50,3.9307689999999997,16777216,16777216,8536.35306475654,68290.82451805232
3,51,3.955058,16777216,16777216,8483.9291863735,67871.433490988
3,52,3.948785,16777216,16777216,8497.406670659457,67979.25336527565
3,53,3.9954099999999997,16777216,16777216,8398.244986121575,67185.9598889726
3,54,3.9958579999999997,16777216,16777216,8397.303407678652,67178.42726142921
3,55,3.980626,16777216,16777216,8429.435973135884,67435.48778508707
3,56,3.950322,16777216,16777216,8494.100480922822,67952.80384738257
3,57,3.9738739999999995,16777216,16777216,8443.758408042127,67550.06726433702
3,58,4.001938,16777216,16777216,8384.54568761435,67076.3655009148
3,59,3.9517290000000003,16777216,16777216,8491.076184627032,67928.60947701626
3,60,3.976978,16777216,16777216,8437.168121121113,67497.3449689689
3,61,3.989618,16777216,16777216,8410.43728998616,67283.49831988927
3,62,3.9399530000000005,16777216,16777216,8516.454891720789,68131.63913376631
3,63,3.9776179999999997,16777216,16777216,8435.810578089702,67486.48462471762
3,64,3.98677,16777216,16777216,8416.445393137805,67331.56314510244
3,65,3.931058,16777216,16777216,8535.725496800098,68285.80397440078
3,66,3.9754739999999997,16777216,16777216,8440.360067755444,67522.88054204355
3,67,4.133748,16777216,16777216,8117.193404145585,64937.54723316468
3,68,3.947858,16777216,16777216,8499.40195417363,67995.21563338905
3,69,3.9983859999999996,16777216,16777216,8391.994169647453,67135.95335717962
3,70,3.9807540000000006,16777216,16777216,8429.164927046482,67433.31941637186
3,71,3.9344489999999994,16777216,16777216,8528.368775399047,68226.95020319238
3,72,3.978546,16777216,16777216,8433.842916482554,67470.74333186043
3,73,3.9641770000000003,16777216,16777216,8464.413168231387,67715.3053458511
3,74,3.9214569999999997,16777216,16777216,8556.623724294312,68452.9897943545
3,75,3.96133,16777216,16777216,8470.496525156956,67763.97220125564
3,76,3.954353,16777216,16777216,8485.441739773865,67883.53391819092
3,77,3.941425,16777216,16777216,8513.274259944055,68106.19407955244
3,78,3.9795380000000002,16777216,16777216,8431.740568880105,67453.92455104084
3,79,3.9718899999999997,16777216,16777216,8447.976152411069,67583.80921928855
3,80,3.968338,16777216,16777216,8455.537809531344,67644.30247625076
3,81,4.014259,16777216,16777216,8358.810928741768,66870.48742993415
3,82,3.978418,16777216,16777216,8434.114263508762,67472.9141080701
3,83,3.957202,16777216,16777216,8479.332619360852,67834.66095488681
3,84,3.944209,16777216,16777216,8507.265208309196,68058.12166647357
3,85,3.992755,16777216,16777216,8403.829436066075,67230.6354885286
3,86,3.939121,16777216,16777216,8518.25369162308,68146.02953298464
3,87,3.9267699999999994,16777216,16777216,8545.046437657415,68360.37150125932
3,88,3.9929780000000004,16777216,16777216,8403.360098653186,67226.88078922548
3,89,3.9362729999999995,16777216,16777216,8524.416878605727,68195.33502884582
3,90,3.9270579999999997,16777216,16777216,8544.419766654835,68355.35813323868
3,91,3.982866,16777216,16777216,8424.695181811288,67397.56145449031
3,92,3.9428019999999995,16777216,16777216,8510.30104986251,68082.40839890008
3,93,3.913873,16777216,16777216,8573.20408710247,68585.63269681975
3,94,4.028114,16777216,16777216,8330.060172080532,66640.48137664425
3,95,4.011698,16777216,16777216,8364.147051946582,66913.17641557266
3,96,3.9425780000000006,16777216,16777216,8510.784567863971,68086.27654291177
3,97,3.977714,16777216,16777216,8435.606984313099,67484.85587450479
3,98,3.966834,16777216,16777216,8458.743673166056,67669.94938532845
3,99,3.9438570000000004,16777216,16777216,8508.024504945284,68064.19603956227
3,100,3.948274,16777216,16777216,8498.506435976835,67988.05148781468
3,101,3.9844980000000003,16777216,16777216,8421.24453318837,67369.95626550696
3,102,3.919313,16777216,16777216,8561.30449392534,68490.43595140272
3,103,3.953265,16777216,16777216,8487.777065286542,67902.21652229234
3,104,3.95333,16777216,16777216,8487.637510655575,67901.1000852446
3,105,3.905201,16777216,16777216,8592.241987032166,68737.93589625733
3,106,3.982322,16777216,16777216,8425.846026514178,67406.76821211343
3,107,3.9677619999999996,16777216,16777216,8456.765299934825,67654.1223994786
3,108,3.903953,16777216,16777216,8594.988720407238,68759.9097632579
3,109,3.9719539999999998,16777216,16777216,8447.84003037296,67582.72024298368
3,110,3.9461929999999996,16777216,16777216,8502.988069767494,68023.90455813996
3,111,3.8767850000000004,16777216,16777216,8655.22127226555,69241.7701781244
3,112,3.947954,16777216,16777216,8499.195279377622,67993.56223502097
3,113,3.872816,16777216,16777216,8664.09145180148,69312.73161441184
3,114,3.9107689999999997,16777216,16777216,8580.008688828208,68640.06951062566
3,115,3.940113,16777216,16777216,8516.109055755507,68128.87244604406
3,116,3.9434739999999997,16777216,16777216,8508.850825439702,68070.80660351762
3,117,3.904977,16777216,16777216,8592.73486117844,68741.87888942752
3,118,3.9996980000000004,16777216,16777216,8389.241387724773,67113.93110179818
3,119,3.9694580000000004,16777216,16777216,8453.152042419895,67625.21633935916
3,120,3.94069,16777216,16777216,8514.862118055467,68118.89694444374
3,121,4.005394,16777216,16777216,8377.311195852393,67018.48956681915
3,122,3.98997,16777216,16777216,8409.695310992314,67277.56248793851
3,123,3.9299699999999995,16777216,16777216,8538.08858591796,68304.70868734368
3,124,3.9959219999999998,16777216,16777216,8397.168913707525,67177.3513096602
3,125,3.973394,16777216,16777216,8444.778443819063,67558.2275505525
3,126,3.945074,16777216,16777216,8505.399898709125,68043.199189673
3,127,3.9472810000000003,16777216,16777216,8500.644367603927,68005.15494083142
3,128,3.9695859999999996,16777216,16777216,8452.879469042868,67623.03575234294
3,129,3.95621,16777216,16777216,8481.458769883298,67851.67015906639
3,130,3.9389619999999996,16777216,16777216,8518.597539148639,68148.78031318911
3,131,3.951441,16777216,16777216,8491.695055044476,67933.56044035581
3,132,3.93717,16777216,16777216,8522.47477248887,68179.79817991095
3,133,3.9763059999999997,16777216,16777216,8438.594011627878,67508.75209302302
3,134,3.978194,16777216,16777216,8434.58916282112,67476.71330256895
3,135,3.946802,16777216,16777216,8501.676040500637,68013.4083240051
3,136,4.009586,16777216,16777216,8368.552763302745,66948.42210642196
3,137,4.005811,16777216,16777216,8376.439128056716,67011.51302445373
3,138,3.9969460000000003,16777216,16777216,8395.017595934494,67160.14076747595
3,139,3.9863859999999995,16777216,16777216,8417.256131242686,67338.04904994149
3,140,3.97941,16777216,16777216,8432.011780640849,67456.09424512679
3,141,3.9474410000000004,16777216,16777216,8500.299814487411,68002.39851589929
3,142,3.970258,16777216,16777216,8451.448747159506,67611.58997727605
3,143,3.9675700000000003,16777216,16777216,8457.174542604163,67657.39634083331
3,144,3.940562,16777216,16777216,8515.138703565633,68121.10962852507
3,145,3.978578,16777216,16777216,8433.775082454082,67470.20065963265
3,146,3.9659379999999995,16777216,16777216,8460.654705141635,67685.23764113308
3,147,3.9309610000000004,16777216,16777216,8535.936123507712,68287.4889880617
3,148,3.998547,16777216,16777216,8391.656269139765,67133.25015311812
3,149,3.9660659999999996,16777216,16777216,8460.381647708335,67683.05318166668
3,150,3.913329,16777216,16777216,8574.395866026087,68595.1669282087
3,151,3.9552169999999998,16777216,16777216,8483.588131826902,67868.70505461522
3,152,3.9917299999999996,16777216,16777216,8405.98737890589,67247.89903124711
3,153,3.921201,16777216,16777216,8557.182353059688,68457.45882447751
3,154,3.9327859999999997,16777216,16777216,8531.975042628814,68255.80034103051
3,155,3.965842,16777216,16777216,8460.859509783799,67686.87607827039
3,156,3.9143529999999997,16777216,16777216,8572.152792556011,68577.22234044809
3,157,3.953234,16777216,16777216,8487.843623726802,67902.74898981441
3,158,3.987474,16777216,16777216,8414.959445503593,67319.67556402874
3,159,3.9272810000000002,16777216,16777216,8543.934594952589,68351.47675962071
3,160,3.9937139999999998,16777216,16777216,8401.811446688473,67214.49157350778
3,161,3.9687530000000004,16777216,16777216,8454.653640576775,67637.2291246142
3,162,3.9293940000000003,16777216,16777216,8539.340162885168,68314.72130308134
3,163,3.9544180000000004,16777216,16777216,8485.302261925775,67882.4180954062
3,164,3.9854260000000004,16777216,16777216,8419.283660015266,67354.26928012213
3,165,3.908625,16777216,16777216,8584.715085228181,68677.72068182545
3,166,3.9743540000000004,16777216,16777216,8442.738618653497,67541.90894922797
3,167,3.950258,16777216,16777216,8494.238097866013,67953.9047829281
3,168,3.901521,16777216,16777216,8600.346377733198,68802.77102186558
3,169,3.948946,16777216,16777216,8497.060228222923,67976.48182578338
3,170,3.946609,16777216,16777216,8502.091795766948,68016.73436613558
3,171,3.956274,16777216,16777216,8481.32156670645,67850.5725336516
3,172,3.9891379999999996,16777216,16777216,8411.449290548484,67291.59432438787
3,173,3.9904509999999997,16777216,16777216,8408.681625209783,67269.45300167827
3,174,3.939537,16777216,16777216,8517.354196698749,68138.83357358999
3,175,4.006131,16777216,16777216,8375.77003847353,67006.16030778825
3,176,3.9868660000000005,16777216,16777216,8416.24273301385,67329.9418641108
3,177,3.939825,16777216,16777216,8516.731580717418,68133.85264573935
3,178,3.9796980000000004,16777216,16777216,8431.401578712756,67451.21262970204
3,179,3.9766899999999996,16777216,16777216,8437.779158043499,67502.23326434799
3,180,3.958417,16777216,16777216,8476.729965539254,67813.83972431404
3,181,3.971314,16777216,16777216,8449.201448185664,67593.61158548531
3,182,3.967602,16777216,16777216,8457.106332742045,67656.85066193636
3,183,3.9284339999999998,16777216,16777216,8541.426940098778,68331.41552079022
3,184,4.025714,16777216,16777216,8335.026283536286,66680.21026829029
3,185,4.012723,16777216,16777216,8362.010534990828,66896.08427992662
3,186,3.9405930000000002,16777216,16777216,8515.071716363502,68120.57373090801
3,187,3.9809779999999995,16777216,16777216,8428.690638330581,67429.52510664465
3,188,3.965329,16777216,16777216,8461.954102673448,67695.63282138758
3,189,3.9364659999999994,16777216,16777216,8523.99893711771,68191.99149694169
3,190,3.9776819999999997,16777216,16777216,8435.674847813376,67485.398782507
3,191,3.96325,16777216,16777216,8466.392985554785,67731.14388443828
3,192,3.933201,16777216,16777216,8531.07481666968,68248.59853335744
3,193,3.9780019999999996,16777216,16777216,8434.996261942553,67479.97009554043
3,194,3.9892670000000003,16777216,16777216,8411.17729146733,67289.41833173863
3,195,3.9244969999999997,16777216,16777216,8549.995579051278,68399.96463241022
3,196,3.98629,16777216,16777216,8417.458840174699,67339.67072139759
3,197,4.006003,16777216,16777216,8376.037661479535,67008.30129183628
3,198,3.9834739999999997,16777216,16777216,8423.409315587349,67387.27452469879
3,199,3.9792179999999995,16777216,16777216,8432.418630997348,67459.34904797879
4,0,3.98613,16777216,16777216,8417.796710092245,67342.37368073796
4,1,3.943409,16777216,16777216,8508.991078531291,68071.92862825033
4,2,3.9639539999999998,16777216,16777216,8464.889350380958,67719.11480304766
4,3,3.9665459999999997,16777216,16777216,8459.357839288894,67674.86271431115
4,4,3.9298409999999997,16777216,16777216,8538.36885512671,68306.95084101368
4,5,3.9676980000000004,16777216,16777216,8456.901709757143,67655.21367805715
4,6,3.9527859999999997,16777216,16777216,8488.805617101458,67910.44493681166
4,7,3.904913,16777216,16777216,8592.875692749109,68743.00554199287
4,8,4.015699000000001,16777216,16777216,8355.81352088391,66846.50816707128
4,9,3.948369,16777216,16777216,8498.301957086584,67986.41565669267
4,10,3.899697,16777216,16777216,8604.369006104833,68834.95204883866
4,11,3.964401,16777216,16777216,8463.934904667816,67711.47923734253
4,12,3.9622889999999997,16777216,16777216,8468.446395505223,67747.57116404179
4,13,3.9097769999999996,16777216,16777216,8582.185633605191,68657.48506884153
4,14,3.9531690000000004,16777216,16777216,8487.983185135772,67903.86548108618
4,15,3.945522,16777216,16777216,8504.434140780359,68035.47312624287
4,16,3.9097130000000004,16777216,16777216,8582.326119589852,68658.60895671882
4,17,3.963698,16777216,16777216,8465.43606500798,67723.48852006384
4,18,3.9432820000000004,16777216,16777216,8509.265124837635,68074.12099870108
4,19,3.898001,16777216,16777216,8608.112722392838,68864.9017791427
4,20,3.939153,16777216,16777216,8518.184492960796,68145.47594368637
4,21,3.953394,16777216,16777216,8487.500107502567,67900.00086002053
4,22,3.959026,16777216,16777216,8475.426026502477,67803.40821201981
4,23,3.954002,16777216,16777216,8486.19499939555,67889.5599951644
4,24,3.970866,16777216,16777216,8450.154701770345,67601.23761416276
4,25,3.9549930000000004,16777216,16777216,8484.068619084786,67872.54895267829
4,26,3.938354,16777216,16777216,8519.912633551987,68159.3010684159
4,27,3.9562419999999996,16777216,16777216,8481.390167739992,67851.12134191993
4,28,3.957713,16777216,16777216,8478.237810573935,67825.90248459148
4,29,3.9300660000000005,16777216,16777216,8537.880025424509,68303.04020339607
4,30,3.985138,16777216,16777216,8419.892109131479,67359.13687305183
4,31,3.968562,16777216,16777216,8455.060548379992,67640.48438703993
4,32,3.9252330000000004,16777216,16777216,8548.392413902564,68387.13931122051
4,33,4.002002999999999,16777216,16777216,8384.4095069394,67075.2760555152
4,34,3.953425,16777216,16777216,8487.433554449623,67899.46843559698
4,35,3.9220009999999994,16777216,16777216,8555.436880306763,68443.4950424541
4,36,3.9779380000000004,16777216,16777216,8435.131970382645,67481.05576306116
4,37,3.958802,16777216,16777216,8475.905589620295,67807.24471696236
4,38,3.906673,16777216,16777216,8589.004505880066,68712.03604704053
4,39,3.9543540000000004,16777216,16777216,8485.439593926087,67883.5167514087
4,40,3.938737,16777216,16777216,8519.084163273657,68152.67330618926
4,41,3.931314,16777216,16777216,8535.169665918316,68281.35732734653
4,42,3.9392810000000003,16777216,16777216,8517.907709554103,68143.26167643283
4,43,3.914033,16777216,16777216,8572.853626936718,68582.82901549374
4,44,3.858224,16777216,16777216,8696.859487681379,69574.87590145103
4,45,3.9225450000000004,16777216,16777216,8554.250365515245,68434.00292412196
4,46,3.946674,16777216,16777216,8501.95177002205,68015.6141601764
4,47,3.914417,16777216,16777216,8572.012639430086,68576.10111544069
4,48,3.9977470000000004,16777216,16777216,8393.335546246422,67146.68436997138
4,49,4.010834,16777216,16777216,8365.948827600445,66927.59062080356
4,50,3.9485299999999994,16777216,16777216,8497.955441645372,67983.64353316298
4,51,4.005266000000001,16777216,16777216,8377.5789173553,67020.6313388424
4,52,3.9851699999999997,16777216,16777216,8419.824499331271,67358.59599465017
4,53,3.9404649999999997,16777216,16777216,8515.348315490684,68122.78652392548
4,54,3.9738739999999995,16777216,16777216,8443.758408042127,67550.06726433702
4,55,3.97269,16777216,16777216,8446.274942167649,67570.19953734119
4,56,3.921201,16777216,16777216,8557.182353059688,68457.45882447751
4,57,3.976561,16777216,16777216,8438.052880365723,67504.42304292579
4,58,3.9483369999999995,16777216,16777216,8498.37083308745,67986.9666646996
4,59,3.901201,16777216,16777216,8601.051829936474,68808.41463949179
4,60,3.9486260000000004,16777216,16777216,8497.748837190455,67981.99069752364
4,61,3.9496820000000006,16777216,16777216,8495.476851047755,67963.81480838204
4,62,3.927473,16777216,16777216,8543.51691278336,68348.13530226688
4,63,3.9368500000000006,16777216,16777216,8523.167507017031,68185.34005613625
4,64,3.9554409999999995,16777216,16777216,8483.107698989823,67864.86159191858
4,65,3.961074,16777216,16777216,8471.043964338964,67768.35171471171
4,66,3.9333620000000002,16777216,16777216,8530.725623525115,68245.80498820092
4,67,3.9321770000000003,16777216,16777216,8533.296441131719,68266.37152905375
4,68,3.905297,16777216,16777216,8592.030772563521,68736.24618050817
4,69,3.915026,16777216,16777216,8570.679224097106,68565.43379277685
4,70,3.932369,16777216,16777216,8532.879798411594,68263.03838729275
4,71,3.8880809999999997,16777216,16777216,8630.075350796447,69040.60280637158
4,72,3.914577,16777216,16777216,8571.662276664887,68573.2982133191
4,73,3.951698,16777216,16777216,8491.142794818836,67929.14235855069
4,74,3.9110250000000004,16777216,16777216,8579.447075894426,68635.57660715541
4,75,3.9812659999999997,16777216,16777216,8428.080916974652,67424.64733579721
4,76,3.958546,16777216,16777216,8476.453728212327,67811.62982569862
4,77,3.9104170000000003,16777216,16777216,8580.781026678229,68646.24821342583
4,78,3.9508340000000004,16777216,16777216,8492.999705884884,67943.99764707907
4,79,3.973138,16777216,16777216,8445.32256367637,67562.58050941095
4,80,3.9320170000000005,16777216,16777216,8533.643674480552,68269.14939584442
4,81,3.9456179999999996,16777216,16777216,8504.22722118563,68033.81776948505
4,82,3.9388330000000003,16777216,16777216,8518.876530180385,68151.01224144308
4,83,3.9448490000000005,16777216,16777216,8505.885016131162,68047.0801290493
4,84,3.953842,16777216,16777216,8486.538409981988,67892.3072798559
4,85,3.9769460000000003,16777216,16777216,8437.236009742148,67497.88807793718
4,86,3.910673,16777216,16777216,8580.219312634936,68641.75450107949
4,87,3.9802739999999996,16777216,16777216,8430.181439770227,67441.45151816182
4,88,3.9666420000000002,16777216,16777216,8459.15310733865,67673.2248587092
4,89,3.924338,16777216,16777216,8550.341993987266,68402.73595189812
4,90,3.9890100000000004,16777216,16777216,8411.719198497873,67293.75358798298
4,91,3.955025,16777216,16777216,8483.999974715709,67871.99979772567
4,92,3.9348330000000002,16777216,16777216,8527.536492654197,68220.29194123358
4,93,3.9869299999999996,16777216,16777216,8416.107631686536,67328.86105349229
4,94,3.9454260000000003,16777216,16777216,8504.64107044461,68037.12856355688
4,95,3.9149290000000003,16777216,16777216,8570.891579387519,68567.13263510015
4,96,3.9522740000000005,16777216,16777216,8489.905305148377,67919.24244118702
4,97,3.950098,16777216,16777216,8494.582159733758,67956.65727787006
4,98,3.903761,16777216,16777216,8595.41145064977,68763.29160519816
4,99,3.949553,16777216,16777216,8495.754329667181,67966.03463733745
4,100,3.96085,16777216,16777216,8471.523031672494,67772.18425337995
4,101,3.926898,16777216,16777216,8544.767905863611,68358.14324690889
4,102,3.956401,16777216,16777216,8481.0493172962,67848.3945383696
4,103,3.990163,16777216,16777216,8409.288542849003,67274.30834279202
4,104,3.926929,16777216,16777216,8544.700451676106,68357.60361340885
4,105,3.9576180000000005,16777216,16777216,8478.441325059668,67827.53060047734
4,106,3.956818,16777216,16777216,8480.155518904332,67841.24415123466
4,107,3.9488170000000005,16777216,16777216,8497.337810285966,67978.70248228773
4,108,3.9531050000000003,16777216,16777216,8488.120603930327,67904.96483144262
4,109,3.965906,16777216,16777216,8460.722972254007,67685.78377803206
4,110,3.901457,16777216,16777216,8600.487458915988,68803.8996713279
4,111,3.970642,16777216,16777216,8450.63140922803,67605.05127382424
4,112,4.231478,16777216,16777216,7929.7191194187935,63437.75295535035
4,113,3.923089,16777216,16777216,8553.06417978282,68424.51343826255
4,114,3.9720500000000003,16777216,16777216,8447.63585554059,67581.08684432472
4,115,3.957522,16777216,16777216,8478.646991728663,67829.1759338293
4,116,3.9138410000000006,16777216,16777216,8573.2741825741,68586.1934605928
4,117,3.946642,16777216,16777216,8502.020705196976,68016.1656415758
4,118,3.942321,16777216,16777216,8511.3393861129,68090.7150889032
4,119,3.896561,16777216,16777216,8611.293907627776,68890.35126102221
4,120,3.9409140000000003,16777216,16777216,8514.378136645459,68115.02509316367
4,121,3.9748659999999996,16777216,16777216,8441.65111477972,67533.20891823775
4,122,3.897425,16777216,16777216,8609.38491439861,68875.07931518888
4,123,3.9834099999999997,16777216,16777216,8423.544651441856,67388.35721153485
4,124,3.9628980000000005,16777216,16777216,8467.145003479776,67737.16002783821
4,125,3.936402,16777216,16777216,8524.13752457193,68193.10019657544
4,126,3.975346,16777216,16777216,8440.631834310774,67525.0546744862
4,127,3.9834099999999997,16777216,16777216,8423.544651441856,67388.35721153485
4,128,3.916593,16777216,16777216,8567.250158492341,68538.00126793873
4,129,3.940626,16777216,16777216,8515.000408564527,68120.00326851622
4,130,3.9395690000000005,16777216,16777216,8517.28501264986,68138.28010119888
4,131,3.9350899999999998,16777216,16777216,8526.97956082326,68215.83648658608
4,132,3.925105,16777216,16777216,8548.671182044813,68389.3694563585
4,133,3.948978,16777216,16777216,8496.991373464223,67975.93098771379
4,134,3.889329,16777216,16777216,8627.306149724027,69018.44919779222
4,135,3.924945,16777216,16777216,8549.019667791523,68392.15734233218
4,136,3.9599860000000002,16777216,16777216,8473.371370504845,67786.97096403876
4,137,3.872529,16777216,16777216,8664.733563002368,69317.86850401894
4,138,3.9334249999999997,16777216,16777216,8530.588990510814,68244.71192408651
4,139,3.982866,16777216,16777216,8424.695181811288,67397.56145449031
4,140,3.979858,16777216,16777216,8431.06261580187,67448.50092641496
4,141,3.996978,16777216,16777216,8394.95038501588,67159.60308012704
4,142,4.01525,16777216,16777216,8356.74789863645,66853.9831890916
4,143,3.950673,16777216,16777216,8493.34581728227,67946.76653825816
4,144,3.995666,16777216,16777216,8397.706915442881,67181.65532354305
4,145,4.014386,16777216,16777216,8358.5464875575,66868.37190046
4,146,3.9737460000000002,16777216,16777216,8444.030393487656,67552.24314790124
4,147,4.002961999999999,16777216,16777216,8382.400832183768,67059.20665747015
4,148,3.9934590000000005,16777216,16777216,8402.347939468014,67218.78351574411
4,149,3.9342250000000005,16777216,16777216,8528.854348696375,68230.834789571
4,150,3.9919860000000003,16777216,16777216,8405.448315700505,67243.58652560404
4,151,3.98501,16777216,16777216,8420.162559190567,67361.30047352453
4,152,3.953842,16777216,16777216,8486.538409981988,67892.3072798559
4,153,3.9825140000000006,16777216,16777216,8425.439810129981,67403.51848103985
4,154,3.989874,16777216,16777216,8409.897655915951,67279.18124732761
4,155,3.935473,16777216,16777216,8526.149715675854,68209.19772540683
4,156,3.969618,16777216,16777216,8452.811328445205,67622.49062756164
4,157,3.990354,16777216,16777216,8408.88602865811,67271.08822926487
4,158,3.938418,16777216,16777216,8519.774183441168,68158.19346752935
4,159,3.992178,16777216,16777216,8405.0440636665,67240.352509332
4,160,3.9749299999999996,16777216,16777216,8441.515196494027,67532.12157195222
4,161,3.9311529999999997,16777216,16777216,8535.519222986233,68284.15378388987
4,162,3.9815220000000004,16777216,16777216,8427.539016486659,67420.31213189327
4,163,3.962961,16777216,16777216,8467.010399547207,67736.08319637766
4,164,3.967249,16777216,16777216,8457.858833665343,67662.87066932274
4,165,3.998898,16777216,16777216,8390.919698376903,67127.35758701523
4,166,3.979794,16777216,16777216,8431.19819769566,67449.58558156528
4,167,3.936913,16777216,16777216,8523.031116003833,68184.24892803066
4,168,3.967921,16777216,16777216,8456.426425828538,67651.41140662831
4,169,3.9580020000000005,16777216,16777216,8477.618758151208,67820.95006520966
4,170,3.9409140000000003,16777216,16777216,8514.378136645459,68115.02509316367
4,171,3.9543850000000003,16777216,16777216,8485.373073183313,67882.9845854665
4,172,3.9607849999999996,16777216,16777216,8471.662056890238,67773.2964551219
4,173,3.9193459999999996,16777216,16777216,8561.232409692842,68489.85927754274
4,174,3.96437,16777216,16777216,8464.00108970656,67712.00871765248
4,175,3.954705,16777216,16777216,8484.686468396505,67877.49174717204
4,176,3.9069300000000005,16777216,16777216,8588.439516448976,68707.51613159181
4,177,3.969681,16777216,16777216,8452.677179853998,67621.41743883198
4,178,4.013234,16777216,16777216,8360.945810785019,66887.56648628015
4,179,3.9829619999999997,16777216,16777216,8424.492124203043,67395.93699362435
4,180,3.948178,16777216,16777216,8498.713077272605,67989.70461818084
4,181,3.977106,16777216,16777216,8436.896577561674,67495.1726204934
4,182,3.9409450000000006,16777216,16777216,8514.311161409256,68114.48929127405
4,183,3.925329,16777216,16777216,8548.183349726864,68385.46679781491
4,184,3.975282,16777216,16777216,8440.767724151392,67526.14179321114
4,185,3.9525300000000003,16777216,16777216,8489.355425512265,67914.84340409812
4,186,3.911281,16777216,16777216,8578.88553647769,68631.08429182152
4,187,3.9741940000000002,16777216,16777216,8443.07852107874,67544.62816862992
4,188,3.9939060000000004,16777216,16777216,8401.407544393884,67211.26035515107
4,189,3.9333620000000002,16777216,16777216,8530.725623525115,68245.80498820092
4,190,3.9600820000000003,16777216,16777216,8473.165959694774,67785.32767755819
4,191,3.979122,16777216,16777216,8432.622070899059,67460.97656719247
4,192,3.9722100000000005,16777216,16777216,8447.29558608432,67578.36468867456
4,193,3.9566899999999996,16777216,16777216,8480.429854246859,67843.43883397487
4,194,3.9755700000000003,16777216,16777216,8440.156254323278,67521.25003458622
4,195,3.9470570000000005,16777216,16777216,8501.126788896132,68009.01431116906
4,196,3.974706,16777216,16777216,8441.990929643602,67535.92743714881
4,197,3.9891379999999996,16777216,16777216,8411.449290548484,67291.59432438787
4,198,3.9400169999999997,16777216,16777216,8516.316553964109,68130.53243171287
4,199,3.9759219999999997,16777216,16777216,8439.409022611611,67515.27218089289
5,0,3.974226,16777216,16777216,8443.010538404207,67544.08430723366
5,1,3.93781,16777216,16777216,8521.089641196502,68168.71712957202
5,2,3.985522,16777216,16777216,8419.080863184296,67352.64690547436
5,3,3.9924339999999994,16777216,16777216,8404.5051214372,67236.0409714976
5,4,3.948722,16777216,16777216,8497.542242781336,67980.33794225068
5,5,3.970162,16777216,16777216,8451.653106346794,67613.22485077435
5,6,4.017842,16777216,16777216,8351.356773113528,66810.85418490822
5,7,3.9616499999999997,16777216,16777216,8469.812325672385,67758.49860537908
5,8,3.9525940000000004,16777216,16777216,8489.217966732733,67913.74373386186
5,9,3.9639860000000002,16777216,16777216,8464.821016017715,67718.56812814172
5,10,3.941681,16777216,16777216,8512.721349089386,68101.77079271509
5,11,3.989554,16777216,16777216,8410.572209324651,67284.57767459721
5,12,3.9902260000000003,16777216,16777216,8409.155772129197,67273.24617703358
5,13,3.9151209999999996,16777216,16777216,8570.471257465606,68563.77005972485
5,14,3.9722739999999996,16777216,16777216,8447.15948597705,67577.2758878164
5,15,3.9716020000000003,16777216,16777216,8448.588755872315,67588.71004697852
5,16,3.9348660000000004,16777216,16777216,8527.464975935647,68219.71980748518
5,17,3.9866420000000002,16777216,16777216,8416.715621819065,67333.72497455252
5,18,3.976914,16777216,16777216,8437.30389945571,67498.43119564568
5,19,3.9502900000000003,16777216,16777216,8494.169288837022,67953.35431069617
5,20,3.994386,16777216,16777216,8400.397958534804,67203.18366827843
5,21,3.9604660000000003,16777216,16777216,8472.34441603589,67778.75532828712
5,22,3.920689,16777216,16777216,8558.299829443244,68466.39863554595
5,23,3.97589,16777216,16777216,8439.476947299849,67515.81557839879
5,24,3.957586,16777216,16777216,8478.509879507357,67828.07903605886
5,25,3.903409,16777216,16777216,8596.186564103327,68769.49251282662
5,26,3.982162,16777216,16777216,8426.184570090318,67409.47656072254
5,27,3.984914,16777216,16777216,8420.365408136788,67362.9232650943
5,28,3.958769,16777216,16777216,8475.976244130436,67807.80995304348
5,29,3.978482,16777216,16777216,8433.97858781314,67471.82870250512
5,30,3.987602,16777216,16777216,8414.689329577024,67317.5146366162
5,31,3.9756339999999994,16777216,16777216,8440.020384170173,67520.16307336139
5,32,3.966418,16777216,16777216,8459.630830638625,67677.046645109
5,33,3.9687539999999997,16777216,16777216,8454.651510272495,67637.21208217996
5,34,3.97653,16777216,16777216,8438.118661244855,67504.94928995884
5,35,3.9676980000000004,16777216,16777216,8456.901709757143,67655.21367805715
5,36,3.9870579999999998,16777216,16777216,8415.837442043732,67326.69953634986
5,37,3.95621,16777216,16777216,8481.458769883298,67851.67015906639
5,38,3.9433769999999995,16777216,16777216,8509.0601279056,68072.4810232448
5,39,3.969874,16777216,16777216,8452.266243210743,67618.12994568594
5,40,3.9868660000000005,16777216,16777216,8416.24273301385,67329.9418641108
5,41,3.9428019999999995,16777216,16777216,8510.30104986251,68082.40839890008
5,42,3.99445,16777216,16777216,8400.26336541952,67202.10692335616
5,43,3.9607540000000006,16777216,16777216,8471.728362831924,67773.82690265539
5,44,3.9475700000000002,16777216,16777216,8500.022038874547,68000.17631099638
5,45,3.983506,16777216,16777216,8423.34164929085,67386.7331943268
5,46,3.9761780000000004,16777216,16777216,8438.865664464718,67510.92531571774
5,47,3.9343850000000002,16777216,16777216,8528.507504984897,68228.06003987917
5,48,3.987091,16777216,16777216,8415.767786589271,67326.14229271417
5,49,3.9438570000000004,16777216,16777216,8508.024504945284,68064.19603956227
5,50,3.9109619999999996,16777216,16777216,8579.585278506926,68636.6822280554
5,51,3.9609449999999997,16777216,16777216,8471.319849177407,67770.55879341926
5,52,3.931986,16777216,16777216,8533.710954209908,68269.68763367926
5,53,3.9245929999999998,16777216,16777216,8549.78643645341,68398.29149162729
5,54,4.018579000000001,16777216,16777216,8349.825149636226,66798.60119708981
5,55,3.981938,16777216,16777216,8426.658576803557,67413.26861442845
5,56,3.970194,16777216,16777216,8451.5849855196,67612.6798841568
5,57,4.00757,16777216,16777216,8372.762546880029,66982.10037504023
5,58,3.9815220000000004,16777216,16777216,8427.539016486659,67420.31213189327
5,59,3.9612019999999997,16777216,16777216,8470.770235903143,67766.16188722514
5,60,3.9836660000000004,16777216,16777216,8423.003334114857,67384.02667291886
5,61,3.9948350000000006,16777216,16777216,8399.45379471242,67195.63035769937
5,62,3.986674,16777216,16777216,8416.648063021958,67333.18450417566
5,63,3.980562,16777216,16777216,8429.571502717456,67436.57202173964
5,64,3.9458740000000003,16777216,16777216,8503.67548482288,68029.40387858303
5,65,3.9488170000000005,16777216,16777216,8497.337810285966,67978.70248228773
5,66,3.9689460000000003,16777216,16777216,8454.242511739893,67633.94009391914
5,67,4.035283,16777216,16777216,8315.261160121856,66522.08928097485
5,68,3.964466,16777216,16777216,8463.796132947036,67710.36906357629
5,69,4.007986,16777216,16777216,8371.893514598105,66975.14811678484
5,70,3.961778,16777216,16777216,8469.538676826414,67756.30941461131
5,71,3.9533620000000003,16777216,16777216,8487.568808522972,67900.55046818378
5,72,3.9755700000000003,16777216,16777216,8440.156254323278,67521.25003458622
5,73,3.9560180000000003,16777216,16777216,8481.870406049718,67854.96324839775
5,74,3.9441770000000003,16777216,16777216,8507.334229675798,68058.67383740639
5,75,3.9697129999999996,16777216,16777216,8452.609042517684,67620.87234014148
5,76,3.9672809999999994,16777216,16777216,8457.790612764764,67662.32490211811
5,77,3.9502570000000006,16777216,16777216,8494.24024816613,67953.92198532904
5,78,4.001907,16777216,16777216,8384.610636878868,67076.88509503094
5,79,3.918449,16777216,16777216,8563.192222228743,68505.53777782994
5,80,3.9788339999999995,16777216,16777216,8433.232449506566,67465.85959605253
5,81,3.977202,16777216,16777216,8436.692931362299,67493.54345089839
5,82,3.944146,16777216,16777216,8507.401095192723,68059.20876154178
5,83,3.954226,16777216,16777216,8485.714271263201,67885.71417010561
5,84,3.982546,16777216,16777216,8425.372111207253,67402.97688965802
5,85,3.9116969999999998,16777216,16777216,8577.973191686371,68623.78553349097
5,86,3.946226,16777216,16777216,8502.916964208334,68023.33571366667
5,87,3.9469930000000004,16777216,16777216,8501.26463360842,68010.11706886736
5,88,3.920754,16777216,16777216,8558.157946150153,68465.26356920123
5,89,3.897873,16777216,16777216,8608.395399234403,68867.16319387523
5,90,3.917841,16777216,16777216,8564.521122730606,68516.16898184485
5,91,3.900081,16777216,16777216,8603.521824290316,68828.17459432253
5,92,3.9076329999999997,16777216,16777216,8586.89441920467,68695.15535363735
5,93,3.9351220000000002,16777216,16777216,8526.910220318454,68215.28176254763
5,94,3.880913,16777216,16777216,8646.014996986534,69168.11997589227
5,95,3.9566890000000003,16777216,16777216,8480.431997561596,67843.45598049277
5,96,3.9541610000000005,16777216,16777216,8485.853762656603,67886.83010125282
5,97,3.9267060000000003,16777216,16777216,8545.185710363852,68361.48568291082
5,98,3.9341610000000005,16777216,16777216,8528.993094080288,68231.9447526423
5,99,3.9643380000000006,16777216,16777216,8464.069410832275,67712.5552866582
5,100,3.9385139999999996,16777216,16777216,8519.566516711633,68156.53213369306
5,101,3.959441,16777216,16777216,8474.537693578462,67796.3015486277
5,102,3.977106,16777216,16777216,8436.896577561674,67495.1726204934
5,103,3.925841,16777216,16777216,8547.068513472654,68376.54810778123
5,104,3.9258089999999997,16777216,16777216,8547.138182219258,68377.10545775406
5,105,3.9771700000000005,16777216,16777216,8436.76081233641,67494.08649869128
5,106,3.963121,16777216,16777216,8466.668567525443,67733.34854020354
5,107,3.9503539999999995,16777216,16777216,8494.031674123384,67952.25339298707
5,108,3.977746,16777216,16777216,8435.539121904718,67484.31297523774
5,109,3.951186,16777216,16777216,8492.243088530888,67937.9447082471
5,110,3.946865,16777216,16777216,8501.54033644424,68012.32269155393
5,111,3.966641,16777216,16777216,8459.155239912057,67673.24191929646
5,112,3.9630259999999997,16777216,16777216,8466.87152695945,67734.9722156756
5,113,3.9392180000000003,16777216,16777216,8518.0439366392,68144.3514931136
5,114,3.9743540000000004,16777216,16777216,8442.738618653497,67541.90894922797
5,115,3.9588339999999995,16777216,16777216,8475.837077280836,67806.69661824669
5,116,3.9195690000000005,16777216,16777216,8560.745326845885,68485.96261476708
5,117,3.969874,16777216,16777216,8452.266243210743,67618.12994568594
5,118,3.9437300000000004,16777216,16777216,8508.298488993922,68066.38791195137
5,119,3.967025,16777216,16777216,8458.33641078642,67666.69128629136
5,120,3.9729129999999997,16777216,16777216,8445.800851918983,67566.40681535186
5,121,3.985138,16777216,16777216,8419.892109131479,67359.13687305183
5,122,3.9257449999999996,16777216,16777216,8547.277523119817,68378.22018495854
5,123,3.960786,16777216,16777216,8471.659918006173,67773.27934404938
5,124,3.928529,16777216,16777216,8541.220390634764,68329.76312507811
5,125,3.921394,16777216,16777216,8556.761192575907,68454.08954060725
5,126,3.9645619999999995,16777216,16777216,8463.591186113372,67708.72948890697
5,127,3.925009,16777216,16777216,8548.880270083457,68391.04216066765
5,128,3.9162729999999994,16777216,16777216,8567.95019141924,68543.60153135392
5,129,3.981682,16777216,16777216,8427.200364067245,67417.60291253796
5,130,3.935281,16777216,16777216,8526.565701407346,68212.52561125877
5,131,3.9166569999999994,16777216,16777216,8567.110165633601,68536.88132506881
5,132,3.9695219999999996,16777216,16777216,8453.015753534053,67624.12602827243
5,133,4.002226,16777216,16777216,8383.942336089965,67071.53868871972
5,134,3.9327850000000004,16777216,16777216,8531.977212077447,68255.81769661958
5,135,3.969554,16777216,16777216,8452.94761073914,67623.58088591312
5,136,3.973234,16777216,16777216,8445.118510513099,67560.94808410479
5,137,3.9325289999999997,16777216,16777216,8532.532627222838,68260.2610177827
5,138,3.9869939999999997,16777216,16777216,8415.972534696566,67327.78027757253
5,139,3.960497,16777216,16777216,8472.278100450523,67778.22480360419
5,140,3.9207210000000003,16777216,16777216,8558.229978618727,68465.83982894981
5,141,3.963634,16777216,16777216,8465.57275469935,67724.5820375948
5,142,3.978866,16777216,16777216,8433.16462529776,67465.31700238209
5,143,3.925457,16777216,16777216,8547.904613399152,68383.23690719322
5,144,3.9325940000000004,16777216,16777216,8532.391596996791,68259.13277597433
5,145,4.017682,16777216,16777216,8351.689357196514,66813.51485757211
5,146,3.9912819999999996,16777216,16777216,8406.93090590943,67255.44724727544
5,147,3.9749290000000004,16777216,16777216,8441.51732018358,67532.13856146864
5,148,3.986834,16777216,16777216,8416.310285304078,67330.48228243263
5,149,3.9665459999999997,16777216,16777216,8459.357839288894,67674.86271431115
5,150,3.9547369999999997,16777216,16777216,8484.617814029101,67876.94251223281
5,151,3.9744180000000005,16777216,16777216,8442.602665346221,67540.82132276977
5,152,3.937586,16777216,16777216,8521.574385930873,68172.59508744699
5,153,3.959186,16777216,16777216,8475.083514641647,67800.66811713317
5,154,3.9794419999999997,16777216,16777216,8431.943976064986,67455.55180851989
5,155,3.946161,16777216,16777216,8503.057021748478,68024.45617398783
5,156,3.932721,16777216,16777216,8532.11605908479,68256.92847267832
5,157,3.963538,16777216,16777216,8465.777797513232,67726.22238010586
5,158,3.9621939999999998,16777216,16777216,8468.649440183899,67749.19552147119
5,159,3.9608179999999997,16777216,16777216,8471.591474286373,67772.73179429099
5,160,3.9979380000000004,16777216,16777216,8392.934557764527,67143.47646211622
5,161,3.9773300000000003,16777216,16777216,8436.421418388718,67491.37134710974
5,162,3.988914,16777216,16777216,8411.921640827555,67295.37312662044
5,163,3.992883,16777216,16777216,8403.560034190834,67228.48027352667
5,164,3.964113,16777216,16777216,8464.54982489147,67716.39859913176
5,165,3.978674,16777216,16777216,8433.571586915641,67468.57269532513
5,166,3.9892019999999997,16777216,16777216,8411.314343069116,67290.51474455293
5,167,3.951697,16777216,16777216,8491.1449435521,67929.1595484168
5,168,3.969809,16777216,16777216,8452.40463709967,67619.23709679735
5,169,3.994386,16777216,16777216,8400.397958534804,67203.18366827843
5,170,4.249269,16777216,16777216,7896.518671799785,63172.14937439828
5,171,3.9780659999999997,16777216,16777216,8434.860557869075,67478.8844629526
5,172,3.9950589999999995,16777216,16777216,8398.982843557505,67191.86274846004
5,173,3.960433,16777216,16777216,8472.415011186908,67779.32008949526
5,174,3.955025,16777216,16777216,8483.999974715709,67871.99979772567
5,175,4.016883,16777216,16777216,8353.350595474152,66826.80476379322
5,176,3.9578740000000003,16777216,16777216,8477.892929385827,67823.14343508662
5,177,3.9622249999999997,16777216,16777216,8468.583182429065,67748.66545943252
5,178,3.9896819999999997,16777216,16777216,8410.302374976252,67282.41899981002
5,179,3.9468330000000003,16777216,16777216,8501.609264947363,68012.8741195789
5,180,3.929426,16777216,16777216,8539.270621205236,68314.16496964189
5,181,3.9643380000000006,16777216,16777216,8464.069410832275,67712.5552866582
5,182,3.948305,16777216,16777216,8498.439710204759,67987.51768163807
5,183,4.053235,16777216,16777216,8278.432412628432,66227.45930102745
5,184,4.004659,16777216,16777216,8378.84873593482,67030.78988747856
5,185,3.996146,16777216,16777216,8396.69821873375,67173.58574987
5,186,3.9447859999999997,16777216,16777216,8506.02085892619,68048.16687140951
5,187,3.9618420000000003,16777216,16777216,8469.401859034257,67755.21487227405
5,188,3.9696820000000006,16777216,16777216,8452.67505054561,67621.40040436487
5,189,3.945489,16777216,16777216,8504.505271716636,68036.04217373309
5,190,3.960178,16777216,16777216,8472.960558843566,67783.68447074853
5,191,3.93413,16777216,16777216,8529.060300498459,68232.48240398767
5,192,3.9164330000000005,16777216,16777216,8567.600160656391,68540.80128525113
5,193,3.981234,16777216,16777216,8428.148659435743,67425.18927548594
5,194,3.913713,16777216,16777216,8573.55457592317,68588.43660738536
5,195,3.908433,16777216,16777216,8585.136805466538,68681.0944437323
5,196,3.947697,16777216,16777216,8499.748587594235,67997.98870075388
5,197,3.9495859999999996,16777216,16777216,8495.683345039202,67965.46676031362
5,198,3.9631859999999994,16777216,16777216,8466.529706150557,67732.23764920446
5,199,3.957681,16777216,16777216,8478.306361730518,67826.45089384414
