timestamp_ns,rss_bytes,rss_lifetime_peak_bytes,swap_bytes,system_available_bytes,system_total_bytes,minor_faults,major_faults
17147960598583,54992896,67874816,0,61546397696,65851252736,13707,1
17148014052388,76218368,76218368,0,61525913600,65851252736,19234,1
17148065060564,92164096,92164096,0,61512114176,65851252736,20910,1
17148116438600,88670208,118292480,0,61516513280,65851252736,23050,1
17148167734331,103530496,118292480,0,61501673472,65851252736,24614,1
17148219109775,88596480,118292480,0,61516513280,65851252736,26011,1
17148271753459,106913792,118292480,0,61497769984,65851252736,28165,1
17148323207176,88506368,118292480,0,61517029376,65851252736,29043,1
17148374918176,117616640,118292480,0,61487058944,65851252736,31649,1
17148426246803,88129536,118292480,0,61516255232,65851252736,32069,1
17148477827914,88297472,118292480,0,61516513280,65851252736,34959,1
17148528681367,100257792,118292480,0,61502189568,65851252736,36384,1
17148579971018,88174592,118292480,0,61517029376,65851252736,37918,1
17148632248778,108105728,118292480,0,61496221696,65851252736,40356,1
17148683697215,88342528,118292480,0,61516513280,65851252736,40876,1
17148735536536,117727232,118292480,0,61487058944,65851252736,43482,1
17148786847467,88240128,118292480,0,61516513280,65851252736,43836,1
17148838523491,78684160,118292480,0,61525417984,65851252736,46442,1
17148889781430,92123136,118292480,0,61512867840,65851252736,47192,1
17148940337952,78581760,118292480,0,61524865024,65851252736,49402,1
17148990908970,79884288,118292480,0,61525159936,65851252736,49774,1
17149041456692,80703488,118292480,0,61524127744,65851252736,49994,1
17149092344194,80703488,118292480,0,61524127744,65851252736,49994,1
17149142841676,80703488,118292480,0,61524127744,65851252736,49994,1
17149193760762,80703488,118292480,0,61524127744,65851252736,49996,1
17149244274372,80703488,118292480,0,61524127744,65851252736,49997,1
17149295429077,80703488,118292480,0,61524127744,65851252736,49998,1
17149345967039,80703488,118292480,0,61523079168,65851252736,49998,1
17149397195377,80703488,118292480,0,61524127744,65851252736,50002,1
17149448451172,80703488,118292480,0,61524127744,65851252736,50002,1
17149499350258,80703488,118292480,0,61524127744,65851252736,50003,1
17149550283265,80703488,118292480,0,61524127744,65851252736,50004,1
17149601265648,80703488,118292480,0,61524127744,65851252736,50005,1
17149652233695,80703488,118292480,0,61524127744,65851252736,50005,1
17149703234895,80703488,118292480,0,61524127744,65851252736,50009,1
17149754132733,80703488,118292480,0,61523611648,65851252736,50009,1
17149806140377,80703488,118292480,0,61523611648,65851252736,50011,1
17149857717039,80703488,118292480,0,61523611648,65851252736,50012,1
17149909102339,80703488,118292480,0,61523611648,65851252736,50012,1
17149960091027,80703488,118292480,0,61523611648,65851252736,50012,1
17150013889348,91467776,118292480,0,61512900608,65851252736,50654,1
17150065967297,106057728,118292480,0,61498060800,65851252736,52217,1
17150117652089,81657856,120852480,0,61522616320,65851252736,53261,1
17150168839211,81657856,120852480,0,61522616320,65851252736,53262,1
17150219731001,81657856,120852480,0,61522616320,65851252736,53263,1
17150270799849,81657856,120852480,0,61521567744,65851252736,53263,1
17150321934907,81657856,120852480,0,61522616320,65851252736,53266,1
17150372831817,81657856,120852480,0,61522616320,65851252736,53266,1
17150423715767,81657856,120852480,0,61522616320,65851252736,53267,1
17150474600773,81657856,120852480,0,61522616320,65851252736,53268,1
17150525531380,81657856,120852480,0,61522616320,65851252736,53270,1
17150576722694,81657856,120852480,0,61522616320,65851252736,53273,1
17150627873463,81657856,120852480,0,61522616320,65851252736,53274,1
17150678748677,81657856,120852480,0,61522616320,65851252736,53274,1
17150729682932,81657856,120852480,0,61521567744,65851252736,53276,1
17150780615906,81657856,120852480,0,61522616320,65851252736,53276,1
17150831512689,81657856,120852480,0,61522616320,65851252736,53277,1
17150882633762,81657856,120852480,0,61522837504,65851252736,53279,1
17150934047542,81657856,120852480,0,61522837504,65851252736,53280,1
17150990617322,89833472,120852480,0,61512126464,65851252736,54235,1
17151041561049,96985088,120852480,0,61508222976,65851252736,54552,1
17151093163567,87461888,126640128,0,61516320768,65851252736,57158,1
17151144776999,87461888,126640128,0,61516578816,65851252736,57159,1
17151195974456,87461888,126640128,0,61515530240,65851252736,57160,1
17151247524975,87461888,126640128,0,61516578816,65851252736,57161,1
17151298377884,87461888,126640128,0,61516578816,65851252736,57161,1
17151349253451,87461888,126640128,0,61516578816,65851252736,57164,1
17151400327963,87461888,126640128,0,61516578816,65851252736,57164,1
17151451232393,87461888,126640128,0,61516578816,65851252736,57167,1
17151502649598,87461888,126640128,0,61516578816,65851252736,57168,1
17151553644397,87461888,126640128,0,61516578816,65851252736,57169,1
17151605752587,87461888,126640128,0,61516320768,65851252736,57169,1
17151656968733,87461888,126640128,0,61515272192,65851252736,57170,1
17151708435794,87461888,126640128,0,61516320768,65851252736,57172,1
17151759606500,87461888,126640128,0,61516320768,65851252736,57174,1
17151810997048,87461888,126640128,0,61516320768,65851252736,57174,1
17151862389836,87461888,126640128,0,61516320768,65851252736,57174,1
17151913857858,87461888,126640128,0,61516320768,65851252736,57176,1
17151965216821,87461888,126640128,0,61516320768,65851252736,57177,1
17152019221930,100421632,126640128,0,61503545344,65851252736,58322,1
17152070564798,115011584,126640128,0,61488963584,65851252736,59862,1
17152121709167,87392256,129064960,0,61515804672,65851252736,61192,1
17152172969154,87392256,129064960,0,61515804672,65851252736,61194,1
17152225063743,87392256,129064960,0,61515804672,65851252736,61195,1
17152276492019,87392256,129064960,0,61515804672,65851252736,61197,1
17152327999081,87392256,129064960,0,61515804672,65851252736,61198,1
17152379206555,87392256,129064960,0,61515804672,65851252736,61199,1
17152430485038,87609344,129064960,0,61515804672,65851252736,61200,1
17152481583871,87609344,129064960,0,61515804672,65851252736,61200,1
17152532721616,87609344,129064960,0,61515804672,65851252736,61202,1
17152583797249,87609344,129064960,0,61515804672,65851252736,61203,1
17152635277238,87609344,129064960,0,61515804672,65851252736,61204,1
17152687131856,87609344,129064960,0,61515804672,65851252736,61205,1
17152738458596,87609344,129064960,0,61515804672,65851252736,61206,1
17152790136700,87609344,129064960,0,61514756096,65851252736,61206,1
17152841462191,87609344,129064960,0,61515804672,65851252736,61209,1
17152892602144,87609344,129064960,0,61515804672,65851252736,61209,1
17152943638960,87609344,129064960,0,61515804672,65851252736,61211,1
17152997251296,97398784,129064960,0,61506416640,65851252736,62113,1
17153048371249,97398784,129064960,0,61506166784,65851252736,62113,1
17153099368928,87425024,129064960,0,61516328960,65851252736,64719,1
17153151355036,87425024,129064960,0,61516328960,65851252736,64721,1
17153203961247,87425024,129064960,0,61516328960,65851252736,64721,1
17153255910971,87425024,129064960,0,61515280384,65851252736,64723,1
17153307084844,87425024,129064960,0,61516328960,65851252736,64723,1
17153358953574,87425024,129064960,0,61516328960,65851252736,64726,1
17153410600958,87425024,129064960,0,61516328960,65851252736,64726,1
17153461615630,87425024,129064960,0,61516328960,65851252736,64728,1
17153512675582,87425024,129064960,0,61513662464,65851252736,64730,1
17153564379894,87453696,129064960,0,61515821056,65851252736,64734,1
17153615259556,87453696,129064960,0,61515821056,65851252736,64735,1
17153666379157,87453696,129064960,0,61515821056,65851252736,64737,1
17153717704073,87453696,129064960,0,61515821056,65851252736,64737,1
17153769324064,87453696,129064960,0,61515821056,65851252736,64739,1
17153820600819,87453696,129064960,0,61515821056,65851252736,64739,1
17153871627011,87453696,129064960,0,61515563008,65851252736,64742,1
17153922693715,87453696,129064960,0,61515563008,65851252736,64743,1
17153974458892,87453696,129064960,0,61515563008,65851252736,64744,1
17154026927982,100417536,129064960,0,61503045632,65851252736,65888,1
17154079905654,119201792,129064960,0,61481914368,65851252736,67552,1
17154131288778,87388160,129064960,0,61515304960,65851252736,68760,1
17154182780160,87388160,129064960,0,61515304960,65851252736,68762,1
17154233877552,87388160,129064960,0,61515304960,65851252736,68762,1
17154285338630,87388160,129064960,0,61515304960,65851252736,68764,1
17154336466967,87388160,129064960,0,61515304960,65851252736,68764,1
17154387397062,87388160,129064960,0,61515304960,65851252736,68766,1
17154438488342,87388160,129064960,0,61515304960,65851252736,68766,1
17154489529990,87388160,129064960,0,61515304960,65851252736,68768,1
17154540462645,87388160,129064960,0,61515046912,65851252736,68769,1
17154591355428,87388160,129064960,0,61515046912,65851252736,68770,1
17154642314451,87388160,129064960,0,61515304960,65851252736,68770,1
17154693245697,87388160,129064960,0,61515304960,65851252736,68773,1
17154744285298,87388160,129064960,0,61515304960,65851252736,68774,1
17154795587013,87560192,129064960,0,61515304960,65851252736,68777,1
17154846556660,87560192,129064960,0,61514256384,65851252736,68778,1
17154898218316,87560192,129064960,0,61515304960,65851252736,68779,1
17154949388797,87560192,129064960,0,61515304960,65851252736,68780,1
17155003220656,97619968,129064960,0,61506949120,65851252736,69681,1
17155054556707,100798464,129064960,0,61503303680,65851252736,69963,1
17155105712341,87916544,129064960,0,61515046912,65851252736,72290,1
17155157463278,87916544,129064960,0,61515046912,65851252736,72290,1
17155208261051,87916544,129064960,0,61515046912,65851252736,72292,1
17155259237546,87916544,129064960,0,61515046912,65851252736,72292,1
17155309823733,87916544,129064960,0,61515046912,65851252736,72294,1
17155360760292,87916544,129064960,0,61515046912,65851252736,72295,1
17155411331982,87916544,129064960,0,61515046912,65851252736,72296,1
17155462216220,87916544,129064960,0,61515046912,65851252736,72297,1
17155513092043,87916544,129064960,0,61515046912,65851252736,72298,1
17155564083258,87916544,129064960,0,61515304960,65851252736,72299,1
17155615444910,87916544,129064960,0,61515304960,65851252736,72303,1
17155666391325,87916544,129064960,0,61515304960,65851252736,72303,1
17155717804306,87916544,129064960,0,61515304960,65851252736,72304,1
17155768897603,87916544,129064960,0,61515304960,65851252736,72305,1
17155819815281,87916544,129064960,0,61515304960,65851252736,72306,1
17155870690335,87916544,129064960,0,61515304960,65851252736,72308,1
17155921539789,87916544,129064960,0,61515304960,65851252736,72308,1
17155972401755,87916544,129064960,0,61515304960,65851252736,72309,1
17156025539077,100610048,129064960,0,61503561728,65851252736,73453,1
17156080914026,119394304,129064960,0,61482721280,65851252736,74999,1
17156132251646,87580672,129253376,0,61515853824,65851252736,76326,1
17156183731955,87580672,129253376,0,61515853824,65851252736,76326,1
17156235478988,87580672,129253376,0,61514547200,65851252736,76326,1
17156287009666,87580672,129253376,0,61515595776,65851252736,76328,1
17156338722331,87580672,129253376,0,61515595776,65851252736,76328,1
17156389919533,87580672,129253376,0,61515595776,65851252736,76331,1
17156441095550,87580672,129253376,0,61515595776,65851252736,76332,1
17156492161583,87580672,129253376,0,61515595776,65851252736,76333,1
17156543249344,87580672,129253376,0,61515595776,65851252736,76334,1
17156594435410,87580672,129253376,0,61515595776,65851252736,76335,1
17156645656068,87580672,129253376,0,61515595776,65851252736,76336,1
17156696896759,87580672,129253376,0,61515595776,65851252736,76338,1
17156748153065,87580672,129253376,0,61515595776,65851252736,76338,1
17156799553342,87580672,129253376,0,61515595776,65851252736,76340,1
17156850643887,87580672,129253376,0,61515595776,65851252736,76340,1
17156902353831,87580672,129253376,0,61515595776,65851252736,76341,1
17156954226817,87580672,129253376,0,61515595776,65851252736,76342,1
17157008077460,97640448,129253376,0,61505433600,65851252736,77244,1
17157059729548,105074688,129253376,0,61495787520,65851252736,78066,1
17157110839069,87941120,129253376,0,61514313728,65851252736,79851,1
17157162329010,87941120,129253376,0,61514313728,65851252736,79851,1
17157213645990,88006656,129253376,0,61514313728,65851252736,79854,1
17157265672898,88006656,129253376,0,61514313728,65851252736,79855,1
17157316793459,88006656,129253376,0,61514313728,65851252736,79857,1
17157368616013,88006656,129253376,0,61514313728,65851252736,79857,1
17157419573020,88006656,129253376,0,61514055680,65851252736,79858,1
17157470559980,88006656,129253376,0,61514055680,65851252736,79859,1
17157521490234,88006656,129253376,0,61514055680,65851252736,79860,1
17157572448234,88006656,129253376,0,61514055680,65851252736,79862,1
17157623359864,88006656,129253376,0,61514055680,65851252736,79863,1
17157674258791,88006656,129253376,0,61514055680,65851252736,79863,1
17157725590618,88006656,129253376,0,61514055680,65851252736,79865,1
17157776519145,88006656,129253376,0,61514055680,65851252736,79865,1
17157828281410,88006656,129253376,0,61514055680,65851252736,79867,1
17157879332082,88006656,129253376,0,61514055680,65851252736,79868,1
17157930325506,88006656,129253376,0,61514055680,65851252736,79869,1
17157985162945,90914816,129253376,0,61511962624,65851252736,79988,1
17158036526485,101240832,129253376,0,61501542400,65851252736,81015,1
17158088220813,129884160,129884160,0,61472894976,65851252736,83885,1
17158139293150,88211456,129884160,0,61513543680,65851252736,83886,1
17158190308462,88211456,129884160,0,61513543680,65851252736,83886,1
17158241306877,88211456,129884160,0,61513543680,65851252736,83888,1
17158292236588,88477696,129884160,0,61513543680,65851252736,83888,1
17158343305021,88477696,129884160,0,61513543680,65851252736,83889,1
17158394312044,88477696,129884160,0,61513543680,65851252736,83891,1
17158445866659,88477696,129884160,0,61513510912,65851252736,83892,1
17158497140726,88477696,129884160,0,61513510912,65851252736,83892,1
17158548416617,88477696,129884160,0,61513510912,65851252736,83894,1
17158599830750,88477696,129884160,0,61513543680,65851252736,83894,1
17158650845166,88477696,129884160,0,61513543680,65851252736,83897,1
17158701745628,88477696,129884160,0,61513543680,65851252736,83897,1
17158752648587,88477696,129884160,0,61513543680,65851252736,83898,1
17158803652858,88477696,129884160,0,61513543680,65851252736,83899,1
17158854921645,88477696,129884160,0,61513543680,65851252736,83900,1
17158906002526,88477696,129884160,0,61513543680,65851252736,83902,1
17158956993390,88477696,129884160,0,61513543680,65851252736,83905,1
17159010187512,98537472,129884160,0,61503623168,65851252736,84904,1
17159061472203,103333888,129884160,0,61499478016,65851252736,85598,1
17159112624925,88829952,129884160,0,61514059776,65851252736,87514,1
17159163346921,88829952,129884160,0,61514059776,65851252736,87515,1
17159214269848,88829952,129884160,0,61514059776,65851252736,87516,1
17159265643692,88829952,129884160,0,61514059776,65851252736,87517,1
17159316691773,88829952,129884160,0,61514059776,65851252736,87518,1
17159368143378,88829952,129884160,0,61514059776,65851252736,87519,1
17159418998944,88829952,129884160,0,61514059776,65851252736,87520,1
17159470468725,88829952,129884160,0,61514059776,65851252736,87522,1
17159521977355,88829952,129884160,0,61514059776,65851252736,87522,1
17159572942395,88829952,129884160,0,61514059776,65851252736,87524,1
17159623873418,88829952,129884160,0,61514059776,65851252736,87524,1
17159675195869,88829952,129884160,0,61514059776,65851252736,87524,1
17159726165229,88829952,129884160,0,61514059776,65851252736,87527,1
17159777618818,88829952,129884160,0,61514059776,65851252736,87528,1
17159828591441,88829952,129884160,0,61514059776,65851252736,87530,1
17159879820548,88829952,129884160,0,61514059776,65851252736,87530,1
17159930682450,88829952,129884160,0,61513011200,65851252736,87531,1
17159987958702,95391744,129884160,0,61506478080,65851252736,88140,1
17160039234689,101523456,129884160,0,61501284352,65851252736,88677,1
17160090652982,130166784,130166784,0,61473411072,65851252736,91548,1
17160141890537,88494080,130166784,0,61513801728,65851252736,91548,1
17160193453952,88494080,130166784,0,61513801728,65851252736,91548,1
17160245296858,88494080,130166784,0,61513801728,65851252736,91550,1
17160296444587,88494080,130166784,0,61513801728,65851252736,91551,1
17160347806399,88494080,130166784,0,61513801728,65851252736,91553,1
17160398753135,88494080,130166784,0,61513801728,65851252736,91553,1
17160449742142,88494080,130166784,0,61513801728,65851252736,91554,1
17160500665613,88494080,130166784,0,61513801728,65851252736,91555,1
17160551663069,88494080,130166784,0,61513801728,65851252736,91557,1
17160603105394,88678400,130166784,0,61513801728,65851252736,91559,1
17160655005709,88678400,130166784,0,61513801728,65851252736,91563,1
17160706018205,88678400,130166784,0,61513801728,65851252736,91563,1
17160757370993,88678400,130166784,0,61513801728,65851252736,91565,1
17160808660420,88678400,130166784,0,61513801728,65851252736,91565,1
17160859665876,88678400,130166784,0,61513818112,65851252736,91567,1
17160910622627,88678400,130166784,0,61513818112,65851252736,91568,1
17160962121273,88678400,130166784,0,61513818112,65851252736,91569,1
17161015593095,98709504,130166784,0,61503913984,65851252736,92470,1
17161067420353,113299456,130166784,0,61488025600,65851252736,94034,1
17161118650451,89006080,130166784,0,61513560064,65851252736,95078,1
17161169823301,89006080,130166784,0,61513560064,65851252736,95080,1
17161220873238,89006080,130166784,0,61513560064,65851252736,95080,1
17161271891398,89006080,130166784,0,61513560064,65851252736,95082,1
17161322732659,89006080,130166784,0,61513560064,65851252736,95082,1
17161373309502,89006080,130166784,0,61513560064,65851252736,95083,1
17161424303310,89006080,130166784,0,61513560064,65851252736,95086,1
17161475601921,89006080,130166784,0,61513560064,65851252736,95087,1
17161526493264,89006080,130166784,0,61513560064,65851252736,95087,1
17161577648545,89006080,130166784,0,61513560064,65851252736,95089,1
17161628770162,89006080,130166784,0,61513560064,65851252736,95089,1
17161679228028,89006080,130166784,0,61513560064,65851252736,95091,1
17161730097226,89006080,130166784,0,61513560064,65851252736,95092,1
17161781540223,89006080,130166784,0,61512511488,65851252736,95093,1
17161832656784,89006080,130166784,0,61513560064,65851252736,95094,1
17161883576159,89006080,130166784,0,61513560064,65851252736,95095,1
17161935449369,89006080,130166784,0,61513560064,65851252736,95096,1
17161989708401,97443840,130166784,0,61502849024,65851252736,95802,1
17162040739905,101969920,130166784,0,61500784640,65851252736,96241,1
17162092100053,130613248,130613248,0,61473169408,65851252736,99113,1
17162143237031,88940544,130613248,0,61513560064,65851252736,99113,1
17162194462777,88940544,130613248,0,61513818112,65851252736,99113,1
17162246324884,88940544,130613248,0,61513818112,65851252736,99116,1
17162297732041,88940544,130613248,0,61513818112,65851252736,99117,1
17162348862042,88940544,130613248,0,61513818112,65851252736,99118,1
17162400358672,88940544,130613248,0,61513818112,65851252736,99119,1
17162451329471,88940544,130613248,0,61513818112,65851252736,99119,1
17162502317007,88940544,130613248,0,61513818112,65851252736,99121,1
17162553209789,88940544,130613248,0,61513818112,65851252736,99122,1
17162605003127,88940544,130613248,0,61513818112,65851252736,99123,1
17162656082952,88940544,130613248,0,61513818112,65851252736,99124,1
17162707917154,88940544,130613248,0,61513818112,65851252736,99125,1
17162759162261,88940544,130613248,0,61513818112,65851252736,99126,1
17162810182021,88940544,130613248,0,61513818112,65851252736,99128,1
17162861598041,88940544,130613248,0,61513818112,65851252736,99129,1
17162912649578,88940544,130613248,0,61512511488,65851252736,99131,1
17162963631897,88940544,130613248,0,61513560064,65851252736,99131,1
17163016946342,98729984,130613248,0,61503655936,65851252736,100033,1
17163068377371,113319936,130613248,0,61488816128,65851252736,101597,1
17163119659502,89026560,130613248,0,61513560064,65851252736,102642,1
17163171542729,89026560,130613248,0,61513560064,65851252736,102642,1
17163222408759,89026560,130613248,0,61513560064,65851252736,102643,1
17163273944365,89026560,130613248,0,61513560064,65851252736,102644,1
17163324728826,89026560,130613248,0,61513560064,65851252736,102645,1
17163376356914,89026560,130613248,0,61513560064,65851252736,102646,1
17163428467727,89026560,130613248,0,61513560064,65851252736,102648,1
17163479986885,89247744,130613248,0,61513560064,65851252736,102649,1
17163530986261,89247744,130613248,0,61513560064,65851252736,102650,1
17163582442123,89247744,130613248,0,61513560064,65851252736,102651,1
17163633416442,89247744,130613248,0,61513560064,65851252736,102651,1
17163684761646,89247744,130613248,0,61513560064,65851252736,102654,1
17163735689629,89247744,130613248,0,61513560064,65851252736,102654,1
17163787167059,89714688,130613248,0,61513752576,65851252736,102655,1
17163838494567,89714688,130613248,0,61513752576,65851252736,102656,1
17163890218943,89714688,130613248,0,61513752576,65851252736,102658,1
17163941237039,89714688,130613248,0,61513752576,65851252736,102660,1
17163994524923,102453248,130613248,0,61501235200,65851252736,103699,1
17164045717837,102453248,130613248,0,61501235200,65851252736,103699,1
17164099433118,89423872,131096576,0,61512462336,65851252736,106568,1
17164131347301,88358912,131096576,0,61512462336,65851252736,106661,1
