baseline,candidate,baseline_case,candidate_case,boundary,baseline_median_ms,candidate_median_ms,speedup_median,time_reduction_percent,baseline_p95_ms,candidate_p95_ms,speedup_p95
cpu_1t,cpu_4t,audio_resident_1,audio_resident_1,host_input_output,0.281875,0.29494750000000003,0.9556785529628152,-4.637694013303784,0.3425112,0.31764719999999996,1.0782755207664354
cpu_1t,cpu_4t,audio_resident_4,audio_resident_4,host_input_output,0.356516,0.366564,0.972588688469135,-2.81838683256852,0.47062264999999937,0.3856824,1.220233668946261
cpu_1t,cpu_4t,beam_apply_1,beam_apply_1,resident,0.026721,0.026945,0.991686769344962,-0.8382919800905553,0.029863999999999995,0.02829055,1.0556175118546651
cpu_1t,cpu_4t,beam_apply_4,beam_apply_4,resident,0.076161,0.077121,0.9875520286303343,-1.260487651160025,0.0779242,0.07843455,0.993493301102639
cpu_1t,cpu_4t,beam_select_1,beam_select_1,resident,0.1175375,0.119201,0.9860445801629181,-1.415292991598438,0.12589955,0.13226759999999999,0.9518548004197552
cpu_1t,cpu_4t,beam_select_4,beam_select_4,resident,0.191026,0.192482,0.9924356563211106,-0.7621999099598931,0.21282054999999994,0.20349420000000001,1.045831035970558
cpu_1t,cpu_4t,fft_1024,fft_1024,resident,0.04704,0.046976,1.0013623978201636,0.13605442176871652,0.04909055,0.05244805,0.9359842739625209
cpu_1t,cpu_4t,fft_2048,fft_2048,resident,0.079265,0.062753,1.2631268624607588,20.831388380748116,0.09588419999999999,0.065249,1.4695121764318224
cpu_1t,cpu_4t,fft_4096,fft_4096,resident,0.1555055,0.101185,1.5368434056431288,34.931561906170515,0.20599334999999996,0.1063098,1.9376703746973465
cpu_1t,cpu_4t,fft_512,fft_512,resident,0.031424,0.032,0.982,-1.8329938900203624,0.03896574999999998,0.03379454999999999,1.153018755982843
cpu_1t,cpu_4t,replay_1000_1_batch,replay_1000_1_batch,host_input_output,13.030475,11.0140195,1.183080799884184,15.474919371703633,17.102623549999993,18.12600005,0.9435409634129398
cpu_1t,cpu_4t,replay_1000_1_sequential,replay_1000_1_sequential,host_input_output,18.177945,19.1149795,0.9509790476102786,-5.154787848681464,24.49230645,19.665609399999997,1.2454384683344724
cpu_1t,cpu_4t,replay_1000_4_batch,replay_1000_4_batch,host_input_output,21.086076,18.686815,1.128393254816297,11.378413887913519,26.164244899999996,29.662761999999997,0.882056933875544
cpu_1t,cpu_4t,replay_1000_4_sequential,replay_1000_4_sequential,host_input_output,25.7603395,26.655742,0.9664086447115222,-3.4758955719508267,34.06005655,27.818056849999998,1.22438661814727
cpu_1t,cpu_4t,replay_500_1_batch,replay_500_1_batch,host_input_output,5.440593,4.428053,1.228664833054166,18.610838928771166,7.484853849999999,5.455274599999999,1.3720397961268531
cpu_1t,cpu_4t,replay_500_1_sequential,replay_500_1_sequential,host_input_output,9.1721575,9.6396345,0.9515046965732986,-5.096696169903314,12.780448149999996,10.036134449999999,1.2734432976832029
cpu_1t,cpu_4t,replay_500_4_batch,replay_500_4_batch,host_input_output,9.2444465,8.0768485,1.1445610871616572,12.630264018511006,13.08423605,8.621570199999999,1.5176163676078402
cpu_1t,cpu_4t,replay_500_4_sequential,replay_500_4_sequential,host_input_output,12.929514000000001,13.3202545,0.9706656881067851,-3.0220818818093242,17.0471182,13.648962099999999,1.2489680955301357
cpu_1t,cpu_4t,replay_750_1_batch,replay_750_1_batch,host_input_output,8.18989,6.630287,1.2352240559119085,19.043027439928984,11.364710499999997,10.14144105,1.120620870739075
cpu_1t,cpu_4t,replay_750_1_sequential,replay_750_1_sequential,host_input_output,13.676883,14.400219499999999,0.9497690642840549,-5.288752561530274,17.951233249999998,14.62139415,1.2277374555284797
cpu_1t,cpu_4t,replay_750_4_batch,replay_750_4_batch,host_input_output,13.5392495,12.005583000000001,1.1277461077900173,11.32755918265631,17.7425624,20.495038549999997,0.8657003672725467
cpu_1t,cpu_4t,replay_750_4_sequential,replay_750_4_sequential,host_input_output,19.2455895,19.8526525,0.9694215672187885,-3.1542967286089185,23.5954628,20.18729765,1.1688272105107638
cpu_1t,cpu_4t,stream_1_baseline_live_age,stream_1_baseline_live_age,host_input_output,0.9988885000000001,1.2797505,0.7805337837336263,-28.11745254850766,1.83639545,2.21240605,0.8300444893467906
cpu_1t,cpu_4t,stream_1_baseline_live_service,stream_1_baseline_live_service,host_input_output,0.7588090000000001,1.0619805,0.7145225359599353,-39.95359833634022,1.5431213499999998,1.94786075,0.7922133807562989
cpu_1t,cpu_4t,stream_1_replay750_live_age,stream_1_replay750_live_age,host_input_output,0.9928385,1.8861985,0.5263701036767869,-89.98039459589853,2.408888949999997,2.76124645,0.8723918685345878
cpu_1t,cpu_4t,stream_1_replay750_live_service,stream_1_replay750_live_service,host_input_output,0.740761,1.6485474999999998,0.44934161739349343,-122.54782581696388,1.6441256,2.151249,0.7642655964046933
cpu_1t,cpu_4t,stream_1_replay750_replay_age,stream_1_replay750_replay_age,host_input_output,26.133147,17.541567,1.4897840654714598,32.87617828805692,32.5998,21.787530099999998,1.496259550778544
cpu_1t,cpu_4t,stream_1_replay750_replay_service,stream_1_replay750_replay_service,host_input_output,25.263021,16.284674,1.5513372266463548,35.5394827879057,31.6799331,20.436915399999997,1.5501328101597958
cpu_1t,cpu_4t,stream_4_baseline_live_age,stream_4_baseline_live_age,host_input_output,1.167432,1.5205705,0.7677592061663698,-30.24917082965002,3.2527567,3.23245155,1.0062816564102872
cpu_1t,cpu_4t,stream_4_baseline_live_service,stream_4_baseline_live_service,host_input_output,0.908715,1.2796475,0.7101291566622839,-40.81945384416456,2.98381425,2.999783199999999,0.9946766319646037
cpu_1t,cpu_4t,stream_4_replay750_live_age,stream_4_replay750_live_age,host_input_output,1.188462,2.043136,0.5816852133191329,-71.91428922422425,3.624066549999999,3.4635027999999997,1.0463587758612465
cpu_1t,cpu_4t,stream_4_replay750_live_service,stream_4_replay750_live_service,host_input_output,0.9360275,1.8057655000000001,0.518354958049647,-92.91799653322153,3.11080185,3.1294722499999996,0.9940340100475409
cpu_1t,cpu_4t,stream_4_replay750_replay_age,stream_4_replay750_replay_age,host_input_output,44.658109,38.728469,1.1531080404959981,13.277857331576682,53.1584214,40.0863033,1.3260993662141953
cpu_1t,cpu_4t,stream_4_replay750_replay_service,stream_4_replay750_replay_service,host_input_output,43.769066,37.336508,1.1722860102503427,14.696585026511656,52.1377132,38.8005259,1.3437372816640096
cpu_1t,cpu_4t,weights_das_1,weights_das_1,resident,0.251011,0.250211,1.0031973014775528,0.3187111321814484,0.2674414,0.260803,1.0254536949344908
cpu_1t,cpu_4t,weights_das_4,weights_das_4,resident,0.801961,0.800137,1.0022796096168531,0.22744248161693514,0.9900584,0.8170362,1.211768095465048
cpu_1t,cpu_4t,weights_mvdr_1,weights_mvdr_1,resident,5.02134,4.822841,1.0411581057720958,3.9531081344820307,6.261250999999999,4.9812814,1.2569558909079095
cpu_1t,cpu_4t,weights_mvdr_4,weights_mvdr_4,resident,5.4763695,5.8448530000000005,0.9369558994896876,-6.728609163424792,7.1978588,6.176151449999999,1.165427832894221
cpu_1t,gpu_1t,audio_resident_1,audio_transfer_1,host_input_output,0.281875,2.3748005,0.11869418083750613,-742.5012860310422,0.3425112,3.4328817,0.09977366828574373
cpu_1t,gpu_1t,audio_resident_1,audio_resident_1,resident,0.281875,1.9463455,0.14482269463463707,-590.499512195122,0.3425112,2.581923049999999,0.13265740045970778
cpu_1t,gpu_1t,audio_resident_4,audio_transfer_4,host_input_output,0.356516,2.401264,0.148470139060095,-573.5361105812923,0.47062264999999937,3.18231685,0.14788679826146142
cpu_1t,gpu_1t,audio_resident_4,audio_resident_4,resident,0.356516,1.9666195,0.1812836697693682,-451.62166634877536,0.47062264999999937,2.548824749999999,0.18464300066138306
cpu_1t,gpu_1t,beam_apply_1,beam_apply_1,resident,0.026721,0.957021,0.02792101740714154,-3481.5313798136294,0.029863999999999995,1.08715105,0.027469963810456695
cpu_1t,gpu_1t,beam_apply_4,beam_apply_4,resident,0.076161,0.88862,0.08570705138304338,-1066.7651422644135,0.0779242,1.08907055,0.07155110382885664
cpu_1t,gpu_1t,beam_select_1,beam_select_1,resident,0.1175375,1.5575425,0.07546343037188391,-1225.145166436244,0.12589955,1.8277508499999997,0.06888222757494547
cpu_1t,gpu_1t,beam_select_4,beam_select_4,resident,0.191026,1.5849815,0.12052254237667757,-729.7202998544701,0.21282054999999994,2.1500629499999993,0.09898340418358449
cpu_1t,gpu_1t,fft_1024,fft_1024,resident,0.04704,0.073633,0.6388439965776214,-56.53273809523811,0.04909055,0.07920419999999999,0.6197973087285775
cpu_1t,gpu_1t,fft_2048,fft_2048,resident,0.079265,0.073601,1.076955476148422,7.145650665489178,0.09588419999999999,0.078337,1.2239963235763431
cpu_1t,gpu_1t,fft_4096,fft_4096,resident,0.1555055,0.07563349999999999,2.056039982282983,51.362813533926456,0.20599334999999996,0.08768739999999998,2.3491784452498305
cpu_1t,gpu_1t,fft_512,fft_512,resident,0.031424,0.073185,0.42937760470041675,-132.89523930753563,0.03896574999999998,0.08635459999999998,0.4512295812846101
cpu_1t,gpu_1t,replay_1000_1_batch,replay_transfer_1000_1_batch,host_input_output,13.030475,2.892906,4.504285656015093,77.79892137470046,17.102623549999993,4.1610513499999975,4.11016882788529
cpu_1t,gpu_1t,replay_1000_1_batch,replay_1000_1_batch,resident,13.030475,1.985212,6.563770015494566,84.76485316153095,17.102623549999993,2.859243849999999,5.98151974690791
cpu_1t,gpu_1t,replay_1000_1_sequential,replay_transfer_1000_1_sequential,host_input_output,18.177945,147.60040650000002,0.12315646976216152,-711.9752067684219,24.49230645,149.8883363,0.1634036847335399
cpu_1t,gpu_1t,replay_1000_1_sequential,replay_1000_1_sequential,resident,18.177945,146.5531735,0.12403651566098635,-706.2141980295353,24.49230645,148.96257595,0.16441919249718775
cpu_1t,gpu_1t,replay_1000_4_batch,replay_transfer_1000_4_batch,host_input_output,21.086076,3.0321230000000003,6.954228439941255,85.62025954947711,26.164244899999996,4.56549175,5.730871137813358
cpu_1t,gpu_1t,replay_1000_4_batch,replay_1000_4_batch,resident,21.086076,1.9766035,10.667832977124649,90.62602496547959,26.164244899999996,2.4882906499999997,10.514947238981105
cpu_1t,gpu_1t,replay_1000_4_sequential,replay_transfer_1000_4_sequential,host_input_output,25.7603395,147.5158905,0.17462755648009323,-472.6473073074212,34.06005655,149.4313043,0.2279312002900051
cpu_1t,gpu_1t,replay_1000_4_sequential,replay_1000_4_sequential,resident,25.7603395,146.1610595,0.17624625593248386,-467.3879395106575,34.06005655,148.43761205,0.22945704986501092
cpu_1t,gpu_1t,replay_500_1_batch,replay_transfer_500_1_batch,host_input_output,5.440593,2.6338285,2.0656595522449543,51.58931204741835,7.484853849999999,3.1375649499999985,2.3855614048722726
cpu_1t,gpu_1t,replay_500_1_batch,replay_500_1_batch,resident,5.440593,1.98182,2.74525083004511,63.57345605524986,7.484853849999999,2.3477984999999992,3.1880307658429805
cpu_1t,gpu_1t,replay_500_1_sequential,replay_transfer_500_1_sequential,host_input_output,9.1721575,71.3868565,0.12848524153742505,-678.2995058687118,12.780448149999996,79.72074345,0.16031521529921203
cpu_1t,gpu_1t,replay_500_1_sequential,replay_500_1_sequential,resident,9.1721575,70.72189800000001,0.12969331648876278,-671.0497557417652,12.780448149999996,79.3095888,0.16114631715251052
cpu_1t,gpu_1t,replay_500_4_batch,replay_transfer_500_4_batch,host_input_output,9.2444465,2.63154,3.5129416615365905,71.53382844500209,13.08423605,2.71391845,4.8211603594794825
cpu_1t,gpu_1t,replay_500_4_batch,replay_500_4_batch,resident,9.2444465,1.975756,4.6789413773765585,78.62764417534353,13.08423605,2.307442299999999,5.670449939311594
cpu_1t,gpu_1t,replay_500_4_sequential,replay_transfer_500_4_sequential,host_input_output,12.929514000000001,71.19554149999999,0.1816056697876229,-450.64360114386346,17.0471182,79.70080265,0.21388891495686838
cpu_1t,gpu_1t,replay_500_4_sequential,replay_500_4_sequential,resident,12.929514000000001,70.821385,0.18256511080657348,-447.74978394392855,17.0471182,79.02036785,0.215730686452379
cpu_1t,gpu_1t,replay_750_1_batch,replay_transfer_750_1_batch,host_input_output,8.18989,2.7589995,2.9684275042456516,66.31212995534739,11.364710499999997,4.2703056499999965,2.661334206838334
cpu_1t,gpu_1t,replay_750_1_batch,replay_750_1_batch,resident,8.18989,1.9883955,4.118843560046279,75.7213405796659,11.364710499999997,2.8173807,4.033785884882365
cpu_1t,gpu_1t,replay_750_1_sequential,replay_transfer_750_1_sequential,host_input_output,13.676883,108.098078,0.1265229063554673,-690.370715315763,17.951233249999998,114.4241883,0.1568832037762421
cpu_1t,gpu_1t,replay_750_1_sequential,replay_750_1_sequential,resident,13.676883,107.592532,0.12711740067609897,-686.6743614023751,17.951233249999998,113.51797485,0.15813560164124085
cpu_1t,gpu_1t,replay_750_4_batch,replay_transfer_750_4_batch,host_input_output,13.5392495,2.7417335,4.938207706912434,79.74973797476737,17.7425624,3.6293504499999996,4.888633005941877
cpu_1t,gpu_1t,replay_750_4_batch,replay_750_4_batch,resident,13.5392495,1.9849070000000002,6.821100182527442,85.33960837341833,17.7425624,2.139057299999998,8.29457088409928
cpu_1t,gpu_1t,replay_750_4_sequential,replay_transfer_750_4_sequential,host_input_output,19.2455895,108.80514500000001,0.1768812449080418,-465.3510639411695,23.5954628,114.4827508,0.2061049602242786
cpu_1t,gpu_1t,replay_750_4_sequential,replay_750_4_sequential,resident,19.2455895,107.76611750000001,0.17858664621558812,-459.95228153442633,23.5954628,113.90631925,0.2071479699753357
cpu_1t,gpu_1t,stream_1_baseline_live_age,stream_1_baseline_live_age,host_input_output,0.9988885000000001,4.538754,0.22007989417359922,-354.38044386335406,1.83639545,7.330632149999999,0.25050983495331985
cpu_1t,gpu_1t,stream_1_baseline_live_service,stream_1_baseline_live_service,host_input_output,0.7588090000000001,4.265529000000001,0.1778932929538165,-462.13474009928717,1.5431213499999998,6.996301,0.22056245864779114
cpu_1t,gpu_1t,stream_1_replay750_live_age,stream_1_replay750_live_age,host_input_output,0.9928385,4.222856999999999,0.23511061350171225,-325.33171306310135,2.408888949999997,7.81194205,0.30835980791741757
cpu_1t,gpu_1t,stream_1_replay750_live_service,stream_1_replay750_live_service,host_input_output,0.740761,3.985829,0.18584866535920133,-438.0721987253648,1.6441256,7.1120518,0.23117458171494196
cpu_1t,gpu_1t,stream_1_replay750_replay_age,stream_1_replay750_replay_age,host_input_output,26.133147,9.506995,2.7488335693875934,63.6209332155825,32.5998,11.2019958,2.9101778452728935
cpu_1t,gpu_1t,stream_1_replay750_replay_service,stream_1_replay750_replay_service,host_input_output,25.263021,8.670131,2.9137992263323356,65.68054548978921,31.6799331,10.1378854,3.124905426530073
cpu_1t,gpu_1t,stream_4_baseline_live_age,stream_4_baseline_live_age,host_input_output,1.167432,4.267621500000001,0.2735556562361493,-265.55632362313185,3.2527567,7.275058849999998,0.44711070619036997
cpu_1t,gpu_1t,stream_4_baseline_live_service,stream_4_baseline_live_service,host_input_output,0.908715,4.0466940000000005,0.22455737943120976,-345.3204800184877,2.98381425,6.971355399999999,0.428010634775556
cpu_1t,gpu_1t,stream_4_replay750_live_age,stream_4_replay750_live_age,host_input_output,1.188462,4.3273335,0.27464072274531187,-264.11206248075246,3.624066549999999,7.524183249999998,0.4816558062963179
cpu_1t,gpu_1t,stream_4_replay750_live_service,stream_4_replay750_live_service,host_input_output,0.9360275,4.087590499999999,0.2289924834691734,-336.6955564873894,3.11080185,6.8596846,0.4534905074207057
cpu_1t,gpu_1t,stream_4_replay750_replay_age,stream_4_replay750_replay_age,host_input_output,44.658109,8.152518,5.477830162411172,81.74459648526542,53.1584214,10.935923399999998,4.860899208566147
cpu_1t,gpu_1t,stream_4_replay750_replay_service,stream_4_replay750_replay_service,host_input_output,43.769066,7.272961,6.018053169816255,83.38333059243257,52.1377132,10.068123099999998,5.178493814800498
cpu_1t,gpu_1t,weights_das_1,weights_das_1,resident,0.251011,0.796378,0.315190776239424,-217.26816753050664,0.2674414,0.9064945499999998,0.29502813888952784
cpu_1t,gpu_1t,weights_das_4,weights_das_4,resident,0.801961,0.790443,1.0145715756860394,1.4362294425788846,0.9900584,0.8393528,1.1795497673922097
cpu_1t,gpu_1t,weights_mvdr_1,weights_mvdr_1,resident,5.02134,2.277328,2.2049261239487685,54.64700657593393,6.261250999999999,2.9002315999999997,2.158879656369512
cpu_1t,gpu_1t,weights_mvdr_4,weights_mvdr_4,resident,5.4763695,2.2583665,2.424925050916226,58.761612049734765,7.1978588,3.0949645999999964,2.325667569832627
cpu_1t,gpu_4t,audio_resident_1,audio_transfer_1,host_input_output,0.281875,2.28331,0.12345016664403868,-710.0434589800445,0.3425112,2.3239708,0.14738188620958576
cpu_1t,gpu_4t,audio_resident_1,audio_resident_1,resident,0.281875,1.9391935,0.14535681972943906,-587.9622172949003,0.3425112,1.9769530499999999,0.17325206584951527
cpu_1t,gpu_4t,audio_resident_4,audio_transfer_4,host_input_output,0.356516,2.308254,0.15445267288608622,-547.4475198869054,0.47062264999999937,2.34859,0.2003851885599442
cpu_1t,gpu_4t,audio_resident_4,audio_resident_4,resident,0.356516,1.9600415,0.1818920670812327,-449.77658786702426,0.47062264999999937,1.99357,0.23607029098551813
cpu_1t,gpu_4t,beam_apply_1,beam_apply_1,resident,0.026721,0.9246840000000001,0.02889743955772999,-3360.5142023127873,0.029863999999999995,1.0878246,0.027452955191489506
cpu_1t,gpu_4t,beam_apply_4,beam_apply_4,resident,0.076161,0.8910834999999999,0.08547010465349208,-1069.9997373984058,0.0779242,1.0909931499999999,0.07142501307180527
cpu_1t,gpu_4t,beam_select_1,beam_select_1,resident,0.1175375,1.5541800000000001,0.07562669703637931,-1222.2843773263853,0.12589955,1.5870354,0.07933001998569156
cpu_1t,gpu_4t,beam_select_4,beam_select_4,resident,0.191026,1.579765,0.12092051665912334,-726.9895197512382,0.21282054999999994,1.616669,0.131641387321709
cpu_1t,gpu_4t,fft_1024,fft_1024,resident,0.04704,0.074497,0.6314348228787737,-58.36947278911562,0.04909055,0.08074275,0.6079870948165624
cpu_1t,gpu_4t,fft_2048,fft_2048,resident,0.079265,0.074657,1.0617222765447312,5.8134107109064415,0.09588419999999999,0.08074985,1.187422639175181
cpu_1t,gpu_4t,fft_4096,fft_4096,resident,0.1555055,0.076225,2.040085273860282,50.98244113552253,0.20599334999999996,0.08230660000000001,2.5027561580723776
cpu_1t,gpu_4t,fft_512,fft_512,resident,0.031424,0.073809,0.4257475375631698,-134.88098268839104,0.03896574999999998,0.08099619999999999,0.4810812112173162
cpu_1t,gpu_4t,replay_1000_1_batch,replay_transfer_1000_1_batch,host_input_output,13.030475,2.754292,4.730970790315624,78.86268919590422,17.102623549999993,2.8815298499999997,5.935258158092652
cpu_1t,gpu_4t,replay_1000_1_batch,replay_1000_1_batch,resident,13.030475,1.978729,6.585275194329289,84.81460576072631,17.102623549999993,2.02836045,8.431747695534092
cpu_1t,gpu_4t,replay_1000_1_sequential,replay_transfer_1000_1_sequential,host_input_output,18.177945,139.6320895,0.13018458052939186,-668.140125300192,24.49230645,140.7043659,0.1740692713643792
cpu_1t,gpu_4t,replay_1000_1_sequential,replay_1000_1_sequential,resident,18.177945,138.035464,0.13169039660706325,-659.3568139852991,24.49230645,138.7284308,0.17654857269530938
cpu_1t,gpu_4t,replay_1000_4_batch,replay_transfer_1000_4_batch,host_input_output,21.086076,2.7415399999999996,7.6913253135099255,86.99833956777923,26.164244899999996,2.78825295,9.38374149303778
cpu_1t,gpu_4t,replay_1000_4_batch,replay_1000_4_batch,resident,21.086076,1.972074,10.692335074647298,90.64750596554806,26.164244899999996,2.0113764499999998,13.00812928380463
cpu_1t,gpu_4t,replay_1000_4_sequential,replay_transfer_1000_4_sequential,host_input_output,25.7603395,139.28042349999998,0.18495305264490386,-440.6777480553002,34.06005655,140.3887522,0.24261243166744237
cpu_1t,gpu_4t,replay_1000_4_sequential,replay_1000_4_sequential,resident,25.7603395,137.8212575,0.18691122086155687,-435.0133584225472,34.06005655,138.4298764,0.2460455606532637
cpu_1t,gpu_4t,replay_500_1_batch,replay_transfer_500_1_batch,host_input_output,5.440593,2.5653604999999997,2.1207908206273545,52.84777780657366,7.484853849999999,2.6260852,2.850194597646717
cpu_1t,gpu_4t,replay_500_1_batch,replay_500_1_batch,resident,5.440593,1.9863140000000001,2.739039749002423,63.49085476528018,7.484853849999999,2.0235172,3.6989326554773037
cpu_1t,gpu_4t,replay_500_1_sequential,replay_transfer_500_1_sequential,host_input_output,9.1721575,71.3517365,0.12854848318933346,-677.9166079518368,12.780448149999996,72.32622085,0.17670559860311016
cpu_1t,gpu_4t,replay_500_1_sequential,replay_500_1_sequential,resident,9.1721575,69.749537,0.13150133885476545,-660.4485313297336,12.780448149999996,70.33709234999999,0.1817028216976046
cpu_1t,gpu_4t,replay_500_4_batch,replay_transfer_500_4_batch,host_input_output,9.2444465,2.558642,3.6130285127813897,72.32238836581509,13.08423605,2.60137575,5.029737072777741
cpu_1t,gpu_4t,replay_500_4_batch,replay_500_4_batch,resident,9.2444465,1.9770975000000002,4.675766622536319,78.61313276030101,13.08423605,2.0119492,6.503263626139268
cpu_1t,gpu_4t,replay_500_4_sequential,replay_transfer_500_4_sequential,host_input_output,12.929514000000001,71.10146900000001,0.18184594751481153,-449.91602159214955,17.0471182,72.17525555,0.23619061782455994
cpu_1t,gpu_4t,replay_500_4_sequential,replay_500_4_sequential,resident,12.929514000000001,70.05851100000001,0.18455308021034017,-441.8495312352808,17.0471182,70.81696425,0.24072082700156128
cpu_1t,gpu_4t,replay_750_1_batch,replay_transfer_750_1_batch,host_input_output,8.18989,2.6707704999999997,3.066489614139441,67.38942159174299,11.364710499999997,2.727772,4.166297806414905
cpu_1t,gpu_4t,replay_750_1_batch,replay_750_1_batch,resident,8.18989,1.986138,4.123525152834294,75.7489050524488,11.364710499999997,2.0155027999999997,5.63864783517046
cpu_1t,gpu_4t,replay_750_1_sequential,replay_transfer_750_1_sequential,host_input_output,13.676883,105.09594799999999,0.13013711051923715,-668.4203191619025,17.951233249999998,106.42990985,0.16866718458467245
cpu_1t,gpu_4t,replay_750_1_sequential,replay_750_1_sequential,resident,13.676883,103.7080535,0.1318786973472605,-658.272579358908,17.951233249999998,104.2690618,0.17216260451669277
cpu_1t,gpu_4t,replay_750_4_batch,replay_transfer_750_4_batch,host_input_output,13.5392495,2.6543384999999997,5.100799879141263,80.39523165593485,17.7425624,2.6982405,6.5756045096795495
cpu_1t,gpu_4t,replay_750_4_batch,replay_750_4_batch,resident,13.5392495,1.980441,6.836482126960612,85.37259395360135,17.7425624,2.0822238000000004,8.520968015061587
cpu_1t,gpu_4t,replay_750_4_sequential,replay_transfer_750_4_sequential,host_input_output,19.2455895,105.23920749999999,0.1828747095040601,-446.822468077686,23.5954628,106.2130432,0.22215221491742362
cpu_1t,gpu_4t,replay_750_4_sequential,replay_750_4_sequential,resident,19.2455895,104.0490345,0.18496653613830508,-440.63833430511437,23.5954628,104.5498856,0.22568616564798996
cpu_1t,gpu_4t,stream_1_baseline_live_age,stream_1_baseline_live_age,host_input_output,0.9988885000000001,4.224428,0.23645532602283673,-322.9128676523956,1.83639545,5.9338006000000005,0.3094804786665733
cpu_1t,gpu_4t,stream_1_baseline_live_service,stream_1_baseline_live_service,host_input_output,0.7588090000000001,4.0164670000000005,0.1889244950848594,-429.3119876016231,1.5431213499999998,5.71444645,0.27003864040059383
cpu_1t,gpu_4t,stream_1_replay750_live_age,stream_1_replay750_live_age,host_input_output,0.9928385,4.009098,0.2476463533692616,-303.8016253398715,2.408888949999997,6.03454435,0.3991832374220594
cpu_1t,gpu_4t,stream_1_replay750_live_service,stream_1_replay750_live_service,host_input_output,0.740761,3.8236005,0.19373389034759253,-416.1719501971621,1.6441256,5.623871999999999,0.2923476209984865
cpu_1t,gpu_4t,stream_1_replay750_replay_age,stream_1_replay750_replay_age,host_input_output,26.133147,13.139063,1.9889658037258822,49.72261473139841,32.5998,16.549564999999998,1.9698282099861844
cpu_1t,gpu_4t,stream_1_replay750_replay_service,stream_1_replay750_replay_service,host_input_output,25.263021,11.85295,2.131369912131579,53.08181867877163,31.6799331,15.183639099999997,2.086451929695827
cpu_1t,gpu_4t,stream_4_baseline_live_age,stream_4_baseline_live_age,host_input_output,1.167432,4.0777719999999995,0.2862916318028571,-249.29417730540186,3.2527567,5.78483025,0.5622907776766657
cpu_1t,gpu_4t,stream_4_baseline_live_service,stream_4_baseline_live_service,host_input_output,0.908715,3.8928495,0.23343183444415203,-328.39058450669353,2.98381425,5.5308044,0.5394901056345438
cpu_1t,gpu_4t,stream_4_replay750_live_age,stream_4_replay750_live_age,host_input_output,1.188462,4.068866,0.29208678781753933,-242.36399649294634,3.624066549999999,6.10239865,0.59387574589215
cpu_1t,gpu_4t,stream_4_replay750_live_service,stream_4_replay750_live_service,host_input_output,0.9360275,3.865953,0.24212076556543755,-313.0170320850616,3.11080185,5.7597562,0.5400926257955154
cpu_1t,gpu_4t,stream_4_replay750_replay_age,stream_4_replay750_replay_age,host_input_output,44.658109,11.714543,3.81219386876637,73.76838549075153,53.1584214,15.874086399999996,3.348754697467189
cpu_1t,gpu_4t,stream_4_replay750_replay_service,stream_4_replay750_replay_service,host_input_output,43.769066,10.597319,4.130201799153163,75.78810797561913,52.1377132,14.790197899999995,3.5251531827035265
cpu_1t,gpu_4t,weights_das_1,weights_das_1,resident,0.251011,0.795034,0.3157236042735279,-216.7327328284418,0.2674414,0.8250046000000001,0.3241695864483664
cpu_1t,gpu_4t,weights_das_4,weights_das_4,resident,0.801961,0.788266,1.017373576939764,1.707689027271908,0.9900584,0.8187428499999999,1.2092421936875541
cpu_1t,gpu_4t,weights_mvdr_1,weights_mvdr_1,resident,5.02134,2.2767014999999997,2.205532872886499,54.65948332516819,6.261250999999999,2.3175148,2.701709175708392
cpu_1t,gpu_4t,weights_mvdr_4,weights_mvdr_4,resident,5.4763695,2.2563975,2.4270411131017475,58.79756652650995,7.1978588,2.3045196,3.1233662755569536
cpu_4t,cpu_1t,audio_resident_1,audio_resident_1,host_input_output,0.29494750000000003,0.281875,1.0463769401330378,4.432144703718466,0.31764719999999996,0.3425112,0.9274067534141948
cpu_4t,cpu_1t,audio_resident_4,audio_resident_4,host_input_output,0.366564,0.356516,1.0281838683256852,2.7411311530864957,0.3856824,0.47062264999999937,0.8195151678313836
cpu_4t,cpu_1t,beam_apply_1,beam_apply_1,resident,0.026945,0.026721,1.0083829198009056,0.8313230655037973,0.02829055,0.029863999999999995,0.9473128181087599
cpu_4t,cpu_1t,beam_apply_4,beam_apply_4,resident,0.077121,0.076161,1.0126048765116002,1.244797136966569,0.07843455,0.0779242,1.0065493133070345
cpu_4t,cpu_1t,beam_select_1,beam_select_1,resident,0.119201,0.1175375,1.0141529299159842,1.3955419837081817,0.13226759999999999,0.12589955,1.0505804031865085
cpu_4t,cpu_1t,beam_select_4,beam_select_4,resident,0.192482,0.191026,1.007621999099599,0.7564343678889363,0.20349420000000001,0.21282054999999994,0.9561773992220209
cpu_4t,cpu_1t,fft_1024,fft_1024,resident,0.046976,0.04704,0.998639455782313,-0.13623978201635634,0.05244805,0.04909055,1.0683940188081007
cpu_4t,cpu_1t,fft_2048,fft_2048,resident,0.062753,0.079265,0.7916861161925188,-26.312686246075877,0.065249,0.09588419999999999,0.6804979339661801
cpu_4t,cpu_1t,fft_4096,fft_4096,resident,0.101185,0.1555055,0.6506843809382948,-53.68434056431288,0.1063098,0.20599334999999996,0.5160836502731764
cpu_4t,cpu_1t,fft_512,fft_512,resident,0.032,0.031424,1.0183299389002036,1.7999999999999905,0.03379454999999999,0.03896574999999998,0.8672885803558256
cpu_4t,cpu_1t,replay_1000_1_batch,replay_1000_1_batch,host_input_output,11.0140195,13.030475,0.8452508062829637,-18.308079988418392,18.12600005,17.102623549999993,1.0598373984557476
cpu_4t,cpu_1t,replay_1000_1_sequential,replay_1000_1_sequential,host_input_output,19.1149795,18.177945,1.0515478784868146,4.902095238972137,19.665609399999997,24.49230645,0.8029300727616854
cpu_4t,cpu_1t,replay_1000_4_batch,replay_1000_4_batch,host_input_output,18.686815,21.086076,0.8862158611208648,-12.839325481629693,29.662761999999997,26.164244899999996,1.133713665858555
cpu_4t,cpu_1t,replay_1000_4_sequential,replay_1000_4_sequential,host_input_output,26.655742,25.7603395,1.0347589557195083,3.3591355288477787,27.818056849999998,34.06005655,0.8167354863067601
cpu_4t,cpu_1t,replay_500_1_batch,replay_500_1_batch,host_input_output,4.428053,5.440593,0.8138916107122882,-22.866483305416608,5.455274599999999,7.484853849999999,0.7288418330305808
cpu_4t,cpu_1t,replay_500_1_sequential,replay_500_1_sequential,host_input_output,9.6396345,9.1721575,1.0509669616990331,4.84953034267015,10.036134449999999,12.780448149999996,0.7852724984452131
cpu_4t,cpu_1t,replay_500_4_batch,replay_500_4_batch,host_input_output,8.0768485,9.2444465,0.8736973598148899,-14.456108716165716,8.621570199999999,13.08423605,0.6589280541144013
cpu_4t,cpu_1t,replay_500_4_sequential,replay_500_4_sequential,host_input_output,13.3202545,12.929514000000001,1.0302208188180932,2.9334311893215004,13.648962099999999,17.0471182,0.8006609645024928
cpu_4t,cpu_1t,replay_750_1_batch,replay_750_1_batch,host_input_output,6.630287,8.18989,0.8095697256007102,-23.522405591190854,10.14144105,11.364710499999997,0.892362462730573
cpu_4t,cpu_1t,replay_750_1_sequential,replay_750_1_sequential,host_input_output,14.400219499999999,13.676883,1.0528875256153027,5.023093571594506,14.62139415,17.951233249999998,0.8145063877435832
cpu_4t,cpu_1t,replay_750_4_batch,replay_750_4_batch,host_input_output,12.005583000000001,13.5392495,0.8867244081734369,-12.774610779001726,20.495038549999997,17.7425624,1.1551340831130454
cpu_4t,cpu_1t,replay_750_4_sequential,replay_750_4_sequential,host_input_output,19.8526525,19.2455895,1.0315429672860892,3.057843278121153,20.18729765,23.5954628,0.8555584529581679
cpu_4t,cpu_1t,stream_1_baseline_live_age,stream_1_baseline_live_age,host_input_output,1.2797505,0.9988885000000001,1.2811745254850766,21.946621626637373,2.21240605,1.83639545,1.2047547003016152
cpu_4t,cpu_1t,stream_1_baseline_live_service,stream_1_baseline_live_service,host_input_output,1.0619805,0.7588090000000001,1.3995359833634022,28.547746404006467,1.94786075,1.5431213499999998,1.2622861772990182
cpu_4t,cpu_1t,stream_1_replay750_live_age,stream_1_replay750_live_age,host_input_output,1.8861985,0.9928385,1.8998039459589853,47.36298963232131,2.76124645,2.408888949999997,1.1462738662153784
cpu_4t,cpu_1t,stream_1_replay750_live_service,stream_1_replay750_live_service,host_input_output,1.6485474999999998,0.740761,2.225478258169639,55.06583826065066,2.151249,1.6441256,1.3084456564632287
cpu_4t,cpu_1t,stream_1_replay750_replay_age,stream_1_replay750_replay_age,host_input_output,17.541567,26.133147,0.6712382171194308,-48.97840654714598,21.787530099999998,32.5998,0.6683332443757323
cpu_4t,cpu_1t,stream_1_replay750_replay_service,stream_1_replay750_replay_service,host_input_output,16.284674,25.263021,0.6446051721209431,-55.13372266463546,20.436915399999997,31.6799331,0.6451060150755179
cpu_4t,cpu_1t,stream_4_baseline_live_age,stream_4_baseline_live_age,host_input_output,1.5205705,1.167432,1.3024917082965004,23.224079383363026,3.23245155,3.2527567,0.993757556475097
cpu_4t,cpu_1t,stream_4_baseline_live_service,stream_4_baseline_live_service,host_input_output,1.2796475,0.908715,1.4081945384416457,28.987084333771605,2.999783199999999,2.98381425,1.0053518579449103
cpu_4t,cpu_1t,stream_4_replay750_live_age,stream_4_replay750_live_age,host_input_output,2.043136,1.188462,1.7191428922422427,41.83147866808671,3.4635027999999997,3.624066549999999,0.9556951430707035
cpu_4t,cpu_1t,stream_4_replay750_live_service,stream_4_replay750_live_service,host_input_output,1.8057655000000001,0.9360275,1.9291799653322153,48.1645041950353,3.1294722499999996,3.11080185,1.0060017966107355
cpu_4t,cpu_1t,stream_4_replay750_replay_age,stream_4_replay750_replay_age,host_input_output,38.728469,44.658109,0.8672214266842332,-15.310804049599813,40.0863033,53.1584214,0.7540913037722372
cpu_4t,cpu_1t,stream_4_replay750_replay_service,stream_4_replay750_replay_service,host_input_output,37.336508,43.769066,0.8530341497348836,-17.22860102503425,38.8005259,52.1377132,0.7441930901564743
cpu_4t,cpu_1t,weights_das_1,weights_das_1,resident,0.250211,0.251011,0.9968128886781855,-0.31973014775528164,0.260803,0.2674414,0.9751781137849264
cpu_4t,cpu_1t,weights_das_4,weights_das_4,resident,0.800137,0.801961,0.9977255751838305,-0.227960961685314,0.8170362,0.9900584,0.8252404100606591
cpu_4t,cpu_1t,weights_mvdr_1,weights_mvdr_1,resident,4.822841,5.02134,0.9604689186551797,-4.115810577209578,4.9812814,6.261250999999999,0.7955728655503511
cpu_4t,cpu_1t,weights_mvdr_4,weights_mvdr_4,resident,5.8448530000000005,5.4763695,1.067286091634248,6.304410051031228,6.176151449999999,7.1978588,0.8580539882221639
cpu_4t,gpu_1t,audio_resident_1,audio_transfer_1,host_input_output,0.29494750000000003,2.3748005,0.12419885375634712,-705.1604099034573,0.31764719999999996,3.4328817,0.0925307737811064
cpu_4t,gpu_1t,audio_resident_1,audio_resident_1,resident,0.29494750000000003,1.9463455,0.15153912807361283,-559.895574636164,0.31764719999999996,2.581923049999999,0.12302736907670431
cpu_4t,gpu_1t,audio_resident_4,audio_transfer_4,host_input_output,0.366564,2.401264,0.15265460190966093,-555.0736024268613,0.3856824,3.18231685,0.12119547429728753
cpu_4t,gpu_1t,audio_resident_4,audio_resident_4,resident,0.366564,1.9666195,0.18639294484774507,-436.5009930053143,0.3856824,2.548824749999999,0.15131773967590362
cpu_4t,gpu_1t,beam_apply_1,beam_apply_1,resident,0.026945,0.957021,0.028155077056825295,-3451.757283354982,0.02829055,1.08715105,0.02602264883062938
cpu_4t,gpu_1t,beam_apply_4,beam_apply_4,resident,0.077121,0.88862,0.08678737818190002,-1052.2412831783822,0.07843455,1.08907055,0.07201971442529596
cpu_4t,gpu_1t,beam_select_1,beam_select_1,resident,0.119201,1.5575425,0.07653145901315694,-1206.6522092935463,0.13226759999999999,1.8277508499999997,0.07236631841807105
cpu_4t,gpu_1t,beam_select_4,beam_select_4,resident,0.192482,1.5849815,0.12144116508615399,-723.4440103490197,0.20349420000000001,2.1500629499999993,0.09464569397840193
cpu_4t,gpu_1t,fft_1024,fft_1024,resident,0.046976,0.073633,0.6379748210720736,-56.74599795640329,0.05244805,0.07920419999999999,0.6621877375189701
cpu_4t,gpu_1t,fft_2048,fft_2048,resident,0.062753,0.073601,0.852610698224209,-17.28682294073589,0.065249,0.078337,0.8329269693759015
cpu_4t,gpu_1t,fft_4096,fft_4096,resident,0.101185,0.07563349999999999,1.3378331030561854,25.252260710579634,0.1063098,0.08768739999999998,1.2123725871675979
cpu_4t,gpu_1t,fft_512,fft_512,resident,0.032,0.073185,0.4372480699596912,-128.703125,0.03379454999999999,0.08635459999999998,0.3913462629668831
cpu_4t,gpu_1t,replay_1000_1_batch,replay_transfer_1000_1_batch,host_input_output,11.0140195,2.892906,3.8072510824755454,73.73433014168896,18.12600005,4.1610513499999975,4.356110637759856
cpu_4t,gpu_1t,replay_1000_1_batch,replay_1000_1_batch,resident,11.0140195,1.985212,5.548031897852723,81.97559029199104,18.12600005,2.859243849999999,6.3394383273745625
cpu_4t,gpu_1t,replay_1000_1_sequential,replay_transfer_1000_1_sequential,host_input_output,19.1149795,147.60040650000002,0.12950492450032647,-672.171408815793,19.665609399999997,149.8883363,0.13120173247262867
cpu_4t,gpu_1t,replay_1000_1_sequential,replay_1000_1_sequential,resident,19.1149795,146.5531735,0.13043033489820674,-666.6928102120121,19.665609399999997,148.96257595,0.13201711419518453
cpu_4t,gpu_1t,replay_1000_4_batch,replay_transfer_1000_4_batch,host_input_output,18.686815,3.0321230000000003,6.162947545333747,83.7739978696209,29.662761999999997,4.56549175,6.49716692621337
cpu_4t,gpu_1t,replay_1000_4_batch,replay_1000_4_batch,resident,18.686815,1.9766035,9.454002788116078,89.42246980023081,29.662761999999997,2.4882906499999997,11.92093938061456
cpu_4t,gpu_1t,replay_1000_4_sequential,replay_transfer_1000_4_sequential,host_input_output,26.655742,147.5158905,0.18069742798319072,-453.41130815266746,27.818056849999998,149.4313043,0.18615949971334084
cpu_4t,gpu_1t,replay_1000_4_sequential,replay_1000_4_sequential,resident,26.655742,146.1610595,0.1823723917381702,-448.3286096481576,27.818056849999998,148.43761205,0.1874057152080142
cpu_4t,gpu_1t,replay_500_1_batch,replay_transfer_500_1_batch,host_input_output,4.428053,2.6338285,1.6812229801598702,40.51949016870395,5.455274599999999,3.1375649499999985,1.738696947134115
cpu_4t,gpu_1t,replay_500_1_batch,replay_500_1_batch,resident,4.428053,1.98182,2.234336619874661,55.24398646538332,5.455274599999999,2.3477984999999992,2.3235701871348846
cpu_4t,gpu_1t,replay_500_1_sequential,replay_transfer_500_1_sequential,host_input_output,9.6396345,71.3868565,0.13503374392175402,-640.5556351747567,10.036134449999999,79.72074345,0.12589112965679447
cpu_4t,gpu_1t,replay_500_1_sequential,replay_500_1_sequential,resident,9.6396345,70.72189800000001,0.13630339078286613,-633.6574638799843,10.036134449999999,79.3095888,0.12654377108559664
cpu_4t,gpu_1t,replay_500_4_batch,replay_transfer_500_4_batch,host_input_output,8.0768485,2.63154,3.069247854868252,67.41872773768135,8.621570199999999,2.71391845,3.1767978142453024
cpu_4t,gpu_1t,replay_500_4_batch,replay_500_4_batch,resident,8.0768485,1.975756,4.087978728142544,75.53803318212543,8.621570199999999,2.307442299999999,3.7364185444637132
cpu_4t,gpu_1t,replay_500_4_sequential,replay_transfer_500_4_sequential,host_input_output,13.3202545,71.19554149999999,0.18709394183061312,-434.4908500059063,13.648962099999999,79.70080265,0.1712525049457579
cpu_4t,gpu_1t,replay_500_4_sequential,replay_500_4_sequential,resident,13.3202545,70.821385,0.18808237794276403,-431.68192094227635,13.648962099999999,79.02036785,0.17272713948774662
cpu_4t,gpu_1t,replay_750_1_batch,replay_transfer_750_1_batch,host_input_output,6.630287,2.7589995,2.403149040077753,58.38793252841092,10.14144105,4.2703056499999965,2.3748747469633718
cpu_4t,gpu_1t,replay_750_1_batch,replay_750_1_batch,resident,6.630287,1.9883955,3.334491050698918,70.01041583871105,10.14144105,2.8173807,3.5995991063614508
cpu_4t,gpu_1t,replay_750_1_sequential,replay_transfer_750_1_sequential,host_input_output,14.400219499999999,108.098078,0.13321438980626463,-650.6696547229715,14.62139415,114.4241883,0.12778237160542744
cpu_4t,gpu_1t,replay_750_1_sequential,replay_750_1_sequential,resident,14.400219499999999,107.592532,0.13384032546050684,-647.1589721253904,14.62139415,113.51797485,0.12880245766646534
cpu_4t,gpu_1t,replay_750_4_batch,replay_transfer_750_4_batch,host_input_output,12.005583000000001,2.7417335,4.378829306349433,77.16284581931589,20.495038549999997,3.6293504499999996,5.647026604994841
cpu_4t,gpu_1t,replay_750_4_batch,replay_750_4_batch,resident,12.005583000000001,1.9849070000000002,6.048436022443369,83.46680040444517,20.495038549999997,2.139057299999998,9.581341533020185
cpu_4t,gpu_1t,replay_750_4_sequential,replay_transfer_750_4_sequential,host_input_output,19.8526525,108.80514500000001,0.18246060422969887,-448.06351443465803,20.18729765,114.4827508,0.17633484091648854
cpu_4t,gpu_1t,replay_750_4_sequential,replay_750_4_sequential,resident,19.8526525,107.76611750000001,0.1842197989548988,-442.8298183328399,20.18729765,113.90631925,0.17722719672552323
cpu_4t,gpu_1t,stream_1_baseline_live_age,stream_1_baseline_live_age,host_input_output,1.2797505,4.538754,0.2819607539866668,-254.65928710322837,2.21240605,7.330632149999999,0.301802901131794
cpu_4t,gpu_1t,stream_1_baseline_live_service,stream_1_baseline_live_service,host_input_output,1.0619805,4.265529000000001,0.24896806468787336,-301.6579400469219,1.94786075,6.996301,0.27841294278219303
cpu_4t,gpu_1t,stream_1_replay750_live_age,stream_1_replay750_live_age,host_input_output,1.8861985,4.222856999999999,0.4466640712673908,-123.88189790205004,2.76124645,7.81194205,0.35346478920692964
cpu_4t,gpu_1t,stream_1_replay750_live_service,stream_1_replay750_live_service,host_input_output,1.6485474999999998,3.985829,0.41360216406674744,-141.77823204972864,2.151249,7.1120518,0.30247937732961955
cpu_4t,gpu_1t,stream_1_replay750_replay_age,stream_1_replay750_replay_age,host_input_output,17.541567,9.506995,1.845122144273769,45.80304598785274,21.787530099999998,11.2019958,1.9449686010416105
cpu_4t,gpu_1t,stream_1_replay750_replay_service,stream_1_replay750_replay_service,host_input_output,16.284674,8.670131,1.878250051815826,46.75895262011386,20.436915399999997,10.1378854,2.0158952871966767
cpu_4t,gpu_1t,stream_4_baseline_live_age,stream_4_baseline_live_age,host_input_output,1.5205705,4.267621500000001,0.3563039740051923,-180.65923283399226,3.23245155,7.275058849999998,0.44431964285759706
cpu_4t,gpu_1t,stream_4_baseline_live_service,stream_4_baseline_live_service,host_input_output,1.2796475,4.0466940000000005,0.3162204752817979,-216.23505691997212,2.999783199999999,6.971355399999999,0.4303012868917857
cpu_4t,gpu_1t,stream_4_replay750_live_age,stream_4_replay750_live_age,host_input_output,2.043136,4.3273335,0.4721466464278753,-111.79860273618591,3.4635027999999997,7.524183249999998,0.4603161147091946
cpu_4t,gpu_1t,stream_4_replay750_live_service,stream_4_replay750_live_service,host_input_output,1.8057655000000001,4.087590499999999,0.44176771132039777,-126.36330686348805,3.1294722499999996,6.8596846,0.45621226521114394
cpu_4t,gpu_1t,stream_4_replay750_replay_age,stream_4_replay750_replay_age,host_input_output,38.728469,8.152518,4.750491688580141,78.94954742466065,40.0863033,10.935923399999998,3.665561821693082
cpu_4t,gpu_1t,stream_4_replay750_replay_service,stream_4_replay750_replay_service,host_input_output,37.336508,7.272961,5.1336048687735305,80.52051091655385,38.8005259,10.068123099999998,3.853799314392571
cpu_4t,gpu_1t,weights_das_1,weights_das_1,resident,0.250211,0.796378,0.3141862281479398,-218.28256951133244,0.260803,0.9064945499999998,0.28770498399576705
cpu_4t,gpu_1t,weights_das_4,weights_das_4,resident,0.800137,0.790443,1.012264008916519,1.2115425233428678,0.8170362,0.8393528,0.9734121337297021
cpu_4t,gpu_1t,weights_mvdr_1,weights_mvdr_1,resident,4.822841,2.277328,2.1177630099836304,52.780363275505046,4.9812814,2.9002315999999997,1.7175460745962499
cpu_4t,gpu_1t,weights_mvdr_4,weights_mvdr_4,resident,5.8448530000000005,2.2583665,2.5880887800983587,61.36144912455455,6.176151449999999,3.0949645999999964,1.9955483335738335
cpu_4t,gpu_4t,audio_resident_1,audio_transfer_1,host_input_output,0.29494750000000003,2.28331,0.1291754076319028,-674.1411607150426,0.31764719999999996,2.3239708,0.13668295660169222
cpu_4t,gpu_4t,audio_resident_1,audio_resident_1,resident,0.29494750000000003,1.9391935,0.15209802425596003,-557.4707363174801,0.31764719999999996,1.9769530499999999,0.16067513591180124
cpu_4t,gpu_4t,audio_resident_4,audio_transfer_4,host_input_output,0.366564,2.308254,0.1588057466812578,-529.7001342193996,0.3856824,2.34859,0.1642187014336261
cpu_4t,gpu_4t,audio_resident_4,audio_resident_4,resident,0.366564,1.9600415,0.1870184891493369,-434.70649054462524,0.3856824,1.99357,0.19346318413700045
cpu_4t,gpu_4t,beam_apply_1,beam_apply_1,resident,0.026945,0.9246840000000001,0.02913968447599396,-3331.7461495639272,0.02829055,1.0878246,0.026006536347863433
cpu_4t,gpu_4t,beam_apply_4,beam_apply_4,resident,0.077121,0.8910834999999999,0.0865474447680829,-1055.435614164754,0.07843455,1.0909931499999999,0.07189279786037155
cpu_4t,gpu_4t,beam_select_1,beam_select_1,resident,0.119201,1.5541800000000001,0.07669703637931256,-1203.831343696781,0.13226759999999999,1.5870354,0.08334256438136162
cpu_4t,gpu_4t,beam_select_4,beam_select_4,resident,0.192482,1.579765,0.12184217272822222,-720.733886805,0.20349420000000001,1.616669,0.12587251935925042
cpu_4t,gpu_4t,fft_1024,fft_1024,resident,0.046976,0.074497,0.6305757278816597,-58.58523501362396,0.05244805,0.08074275,0.6495697756145289
cpu_4t,gpu_4t,fft_2048,fft_2048,resident,0.062753,0.074657,0.8405507855927776,-18.969611014612852,0.065249,0.08074985,0.8080386527033797
cpu_4t,gpu_4t,fft_4096,fft_4096,resident,0.101185,0.076225,1.327451623483109,24.6676878984039,0.1063098,0.08230660000000001,1.2916315338016633
cpu_4t,gpu_4t,fft_512,fft_512,resident,0.032,0.073809,0.4335514639136149,-130.653125,0.03379454999999999,0.08099619999999999,0.41723624071252724
cpu_4t,gpu_4t,replay_1000_1_batch,replay_transfer_1000_1_batch,host_input_output,11.0140195,2.754292,3.9988568750154303,74.99285342648976,18.12600005,2.8815298499999997,6.290408565436169
cpu_4t,gpu_4t,replay_1000_1_batch,replay_1000_1_batch,resident,11.0140195,1.978729,5.5662091676020315,82.03445163684339,18.12600005,2.02836045,8.936281542070098
cpu_4t,gpu_4t,replay_1000_1_sequential,replay_transfer_1000_1_sequential,host_input_output,19.1149795,139.6320895,0.13689531946737787,-630.4851647892168,19.665609399999997,140.7043659,0.13976545272217453
cpu_4t,gpu_4t,replay_1000_1_sequential,replay_1000_1_sequential,resident,19.1149795,138.035464,0.13847875716924457,-622.1324197601153,19.665609399999997,138.7284308,0.14175615832021649
cpu_4t,gpu_4t,replay_1000_4_batch,replay_transfer_1000_4_batch,host_input_output,18.686815,2.7415399999999996,6.816174485872904,85.32901406687014,29.662761999999997,2.78825295,10.638475967540893
cpu_4t,gpu_4t,replay_1000_4_batch,replay_1000_4_batch,resident,18.686815,1.972074,9.475716935571382,89.44670881581479,29.662761999999997,2.0113764499999998,14.747493936304167
cpu_4t,gpu_4t,replay_1000_4_sequential,replay_transfer_1000_4_sequential,host_input_output,26.655742,139.28042349999998,0.19138182761197595,-422.51564972380055,27.818056849999998,140.3887522,0.19815018236197413
cpu_4t,gpu_4t,replay_1000_4_sequential,replay_1000_4_sequential,resident,26.655742,137.8212575,0.19340805971096295,-417.0415346156937,27.818056849999998,138.4298764,0.20095414063376274
cpu_4t,gpu_4t,replay_500_1_batch,replay_transfer_500_1_batch,host_input_output,4.428053,2.5653604999999997,1.726093856984233,42.06572279058087,5.455274599999999,2.6260852,2.0773410550426923
cpu_4t,gpu_4t,replay_500_1_batch,replay_500_1_batch,resident,4.428053,1.9863140000000001,2.229281473120564,55.14249716523266,5.455274599999999,2.0235172,2.695936856874752
cpu_4t,gpu_4t,replay_500_1_sequential,replay_transfer_500_1_sequential,host_input_output,9.6396345,71.3517365,0.135100208808513,-640.1913060085423,10.036134449999999,72.32622085,0.13876204690432126
cpu_4t,gpu_4t,replay_500_1_sequential,replay_500_1_sequential,resident,9.6396345,69.749537,0.13820356255554786,-623.5703490625085,10.036134449999999,70.33709234999999,0.14268622876902304
cpu_4t,gpu_4t,replay_500_4_batch,replay_transfer_500_4_batch,host_input_output,8.0768485,2.558642,3.1566934725530187,68.32128273793919,8.621570199999999,2.60137575,3.3142348620725013
cpu_4t,gpu_4t,replay_500_4_batch,replay_500_4_batch,resident,8.0768485,1.9770975000000002,4.0852049532205665,75.52142398114809,8.621570199999999,2.0119492,4.285182846564912
cpu_4t,gpu_4t,replay_500_4_sequential,replay_transfer_500_4_sequential,host_input_output,13.3202545,71.10146900000001,0.18734148094746114,-433.78461349968956,13.648962099999999,72.17525555,0.18910860787385184
cpu_4t,gpu_4t,replay_500_4_sequential,replay_500_4_sequential,resident,13.3202545,70.05851100000001,0.19013042540969788,-425.95474808683275,13.648962099999999,70.81696425,0.19273576952290777
cpu_4t,gpu_4t,replay_750_1_batch,replay_transfer_750_1_batch,host_input_output,6.630287,2.6707704999999997,2.4825371554762943,59.71862907291947,10.14144105,2.727772,3.7178477710013884
cpu_4t,gpu_4t,replay_750_1_batch,replay_750_1_batch,resident,6.630287,1.986138,3.3382811264876864,70.04446413858103,10.14144105,2.0155027999999997,5.031717668663125
cpu_4t,gpu_4t,replay_750_1_sequential,replay_transfer_750_1_sequential,host_input_output,14.400219499999999,105.09594799999999,0.1370197402853248,-629.821847507255,14.62139415,106.42990985,0.13738049924694173
cpu_4t,gpu_4t,replay_750_1_sequential,replay_750_1_sequential,resident,14.400219499999999,103.7080535,0.1388534353313265,-620.1838381699669,14.62139415,104.2690618,0.1402275411094185
cpu_4t,gpu_4t,replay_750_4_batch,replay_transfer_750_4_batch,host_input_output,12.005583000000001,2.6543384999999997,4.523003754042675,77.89079880585558,20.495038549999997,2.6982405,7.595704886202693
cpu_4t,gpu_4t,replay_750_4_batch,replay_750_4_batch,resident,12.005583000000001,1.980441,6.062075568017428,83.50399976410975,20.495038549999997,2.0822238000000004,9.842860575313756
cpu_4t,gpu_4t,replay_750_4_sequential,replay_transfer_750_4_sequential,host_input_output,19.8526525,105.23920749999999,0.1886431204833997,-430.10149399431634,20.18729765,106.2130432,0.1900642053159814
cpu_4t,gpu_4t,replay_750_4_sequential,replay_750_4_sequential,resident,19.8526525,104.0490345,0.19080092953673683,-424.1064613406194,20.18729765,104.5498856,0.19308770673585512
cpu_4t,gpu_4t,stream_1_baseline_live_age,stream_1_baseline_live_age,host_input_output,1.2797505,4.224428,0.30294054011572696,-230.0977807783626,2.21240605,5.9338006000000005,0.3728480613251479
cpu_4t,gpu_4t,stream_1_baseline_live_service,stream_1_baseline_live_service,host_input_output,1.0619805,4.0164670000000005,0.26440662901002293,-278.2053436951056,1.94786075,5.71444645,0.34086604311428975
cpu_4t,gpu_4t,stream_1_replay750_live_age,stream_1_replay750_live_age,host_input_output,1.8861985,4.009098,0.4704795193332765,-112.54910339500324,2.76124645,6.03454435,0.4575733128881553
cpu_4t,gpu_4t,stream_1_replay750_live_service,stream_1_replay750_live_service,host_input_output,1.6485474999999998,3.8236005,0.43115056083918807,-131.93753895474654,2.151249,5.623871999999999,0.38252097487282793
cpu_4t,gpu_4t,stream_1_replay750_replay_age,stream_1_replay750_replay_age,host_input_output,17.541567,13.139063,1.3350698600044768,25.097552573267834,21.787530099999998,16.549564999999998,1.3165016784429078
cpu_4t,gpu_4t,stream_1_replay750_replay_service,stream_1_replay750_replay_service,host_input_output,16.284674,11.85295,1.373892069062976,27.214078709834777,20.436915399999997,15.183639099999997,1.3459826900126992
cpu_4t,gpu_4t,stream_4_baseline_live_age,stream_4_baseline_live_age,host_input_output,1.5205705,4.0777719999999995,0.37289247657789604,-168.17382028653057,3.23245155,5.78483025,0.5587807092524453
cpu_4t,gpu_4t,stream_4_baseline_live_service,stream_4_baseline_live_service,host_input_output,1.2796475,3.8928495,0.3287174343626693,-204.21264449780114,2.999783199999999,5.5308044,0.5423773800425846
cpu_4t,gpu_4t,stream_4_replay750_live_age,stream_4_replay750_live_age,host_input_output,2.043136,4.068866,0.5021389251943909,-99.14807433279034,3.4635027999999997,6.10239865,0.5675641659366191
cpu_4t,gpu_4t,stream_4_replay750_live_service,stream_4_replay750_live_service,host_input_output,1.8057655000000001,3.865953,0.4670945301197402,-114.08942634024184,3.1294722499999996,5.7597562,0.5433341518864981
cpu_4t,gpu_4t,stream_4_replay750_replay_age,stream_4_replay750_replay_age,host_input_output,38.728469,11.714543,3.306016205668458,69.7521143941941,40.0863033,15.874086399999996,2.525266795826436
cpu_4t,gpu_4t,stream_4_replay750_replay_service,stream_4_replay750_replay_service,host_input_output,37.336508,10.597319,3.5232031799741046,71.61673769812646,38.8005259,14.790197899999995,2.6233946403110675
cpu_4t,gpu_4t,weights_das_1,weights_das_1,resident,0.250211,0.795034,0.3147173579997837,-217.74542286310356,0.260803,0.8250046000000001,0.3161230858591576
cpu_4t,gpu_4t,weights_das_4,weights_das_4,resident,0.800137,0.788266,1.0150596372290572,1.4836209299157521,0.8170362,0.8187428499999999,0.997915523781368
cpu_4t,gpu_4t,weights_mvdr_1,weights_mvdr_1,resident,4.822841,2.2767014999999997,2.1183457734797475,52.793353544103994,4.9812814,2.3175148,2.1494065108020024
cpu_4t,gpu_4t,weights_mvdr_4,weights_mvdr_4,resident,5.8448530000000005,2.2563975,2.5903472238379988,61.39513688368211,6.176151449999999,2.3045196,2.68001688942025
