case,round,sampled_rss_peak_bytes,sampled_rss_increase_bytes,pss_after_bytes,steady_output_fps,python_copy_payload_MB_s,python_copy_read_write_MB_s,compressed_payload_MB_s
jetson_jetson_test_640x360_throughput_nvdec_native,0,87207936,67510272,59061248,1312.1897931589945,0.0,0.0,4.963036450157786
jetson_jetson_test_640x360_paced_nvdec_native,0,84680704,65011712,61225984,24.99213119813909,0.0,0.0,0.09452661402347969
jetson_jetson_test_640x360_paced_software_native,0,87568384,67903488,67437568,25.001770968565108,0.0,0.0,0.09456307409369581
jetson_jetson_test_640x360_throughput_nvdec_rgb,0,85151744,65392640,60220416,405.0971410301897,280.0031438800671,560.0062877601342,1.532180700741004
jetson_jetson_test_640x360_paced_nvdec_rgb,0,84758528,65093632,59720704,25.00187405825848,17.281295349068262,34.562590698136525,0.0945634640052075
jetson_jetson_test_640x360_paced_software_rgb,0,92446720,72736768,71037952,24.99619723121458,17.277371526215514,34.55474305243103,0.09454199279754608
jetson_jetson_test_640x360_throughput_software_native,0,95100928,75411456,70026240,1795.3745584508226,0.0,0.0,6.790564460820884
jetson_jetson_test_640x360_throughput_software_rgb,0,96796672,77107200,74785792,284.5262101057255,196.6645164250775,393.329032850155,1.0761506903512903
jetson_jetson_test_640x360_throughput_nvdec_rgb,1,87244800,67604480,59910144,381.94563001393357,264.0008194656309,528.0016389312618,1.4446157816653178
jetson_jetson_test_640x360_paced_software_native,1,89538560,69926912,69694464,24.996954066623424,0.0,0.0,0.09454485534208074
jetson_jetson_test_640x360_throughput_software_native,1,90546176,70844416,67246080,1663.3946540237362,0.0,0.0,6.291382802973159
jetson_jetson_test_640x360_throughput_nvdec_native,1,80060416,60456960,56848384,1513.3806720161795,0.0,0.0,5.723991664421141
jetson_jetson_test_640x360_throughput_software_rgb,1,99065856,79360000,77131776,264.572106945472,182.87224032071023,365.74448064142047,1.0006791832333048
jetson_jetson_test_640x360_paced_nvdec_rgb,1,85307392,65630208,61984768,24.9950636217178,17.276587975331342,34.553175950662684,0.09453770519732078
jetson_jetson_test_640x360_paced_software_rgb,1,88686592,69017600,68542464,24.995928947442703,17.277186088472398,34.554372176944796,0.09454097807989946
jetson_jetson_test_640x360_paced_nvdec_native,1,83042304,63242240,55066624,24.85858805956602,0.0,0.0,0.09402151981541469
jetson_jetson_test_640x360_paced_nvdec_rgb,2,87420928,67715072,64237568,25.000619742711855,17.280428366162432,34.560856732324865,0.0945587198639176
jetson_jetson_test_640x360_paced_software_native,2,89645056,69824512,69144576,25.001550427522897,0.0,0.0,0.09456223995122881
jetson_jetson_test_640x360_throughput_nvdec_rgb,2,83275776,63565824,60160000,409.71121386851667,283.1923910259187,566.3847820518374,1.549632300958965
jetson_jetson_test_640x360_paced_nvdec_native,2,78004224,58335232,54991872,24.989960249926025,0.0,0.0,0.09451840294367322
jetson_jetson_test_640x360_throughput_software_rgb,2,96886784,77230080,76931072,283.4301738465766,195.90693616275377,391.81387232550753,1.0720052016931632
jetson_jetson_test_640x360_paced_software_rgb,2,90497024,70787072,70333440,24.999881560963797,17.27991813493818,34.55983626987636,0.09455592787228534
jetson_jetson_test_640x360_throughput_software_native,2,94683136,74964992,71464960,1938.851486838842,0.0,0.0,7.3332307954157745
jetson_jetson_test_640x360_throughput_nvdec_native,2,82464768,62767104,58954752,1277.9769086898193,0.0,0.0,4.833634595661744
jetson_jetson_test_640x360_paced_nvdec_native,3,79790080,60002304,56758272,24.995511565214766,0.0,0.0,0.09453939943386692
jetson_jetson_test_640x360_throughput_software_native,3,93179904,73547776,67764224,1964.2652429883115,0.0,0.0,7.429352102533697
jetson_jetson_test_640x360_paced_software_native,3,84905984,65134592,62821376,24.99926598212239,0.0,0.0,0.09455359959611387
jetson_jetson_test_640x360_throughput_nvdec_native,3,78131200,58343424,54575104,1369.4603467793445,0.0,0.0,5.179648289862955
jetson_jetson_test_640x360_paced_software_rgb,3,88588288,68915200,66564096,25.003702255401386,17.28255899893344,34.56511799786688,0.09457037871305359
jetson_jetson_test_640x360_throughput_software_rgb,3,94052352,74354688,74790912,288.39215591684615,199.33665816972407,398.67331633944815,1.09077268335486
jetson_jetson_test_640x360_throughput_nvdec_rgb,3,85467136,65716224,61903872,402.9201314733256,278.4983948743627,556.9967897487254,1.523946695386453
jetson_jetson_test_640x360_paced_nvdec_rgb,3,87506944,67645440,64130048,24.92329729386797,17.226983089521543,34.453966179043086,0.09426626664257086
jetson_jetson_test_640x360_throughput_nvdec_rgb,4,87314432,67674112,62175232,398.53907451213325,275.4702083027865,550.940416605573,1.5073764206426827
jetson_jetson_test_640x360_throughput_software_native,4,84500480,64798720,61238272,2030.0955258043468,0.0,0.0,7.67833902107513
jetson_jetson_test_640x360_throughput_nvdec_native,4,77701120,57913344,54616064,1509.6623099197104,0.0,0.0,5.709927870665183
jetson_jetson_test_640x360_paced_nvdec_rgb,4,85430272,65708032,62049280,24.990330892957807,17.273316713212438,34.546633426424876,0.09451980481014584
jetson_jetson_test_640x360_throughput_software_rgb,4,96808960,77103104,74915840,276.673698591773,191.2368604666335,382.473720933267,1.0464504891515787
jetson_jetson_test_640x360_paced_software_native,4,87035904,67252224,67100672,24.99814012998569,0.0,0.0,0.0945493413362028
jetson_jetson_test_640x360_paced_software_rgb,4,87842816,68145152,66699264,24.999695305727013,17.279789395318513,34.559578790637026,0.09455522340747846
jetson_jetson_test_640x360_paced_nvdec_native,4,83288064,63819776,56897536,24.99693979578079,0.0,0.0,0.09454480136611436
jetson_jetson_test_640x360_paced_software_native,5,85458944,65642496,64984064,24.997061100559375,0.0,0.0,0.09454526017172374
jetson_jetson_test_640x360_paced_nvdec_rgb,5,86769664,67158016,62083072,24.9902016815526,17.273227402289155,34.54645480457831,0.09451931609965808
jetson_jetson_test_640x360_throughput_nvdec_rgb,5,85671936,65974272,62310400,385.58391288018737,266.5156005827855,533.031201165571,1.4583766953497106
jetson_jetson_test_640x360_paced_nvdec_native,5,83869696,64327680,61054976,24.995015394217777,0.0,0.0,0.09453752278861606
jetson_jetson_test_640x360_throughput_software_rgb,5,94670848,74948608,72800256,271.9851765231165,187.99615401277813,375.99230802555627,1.0287173029574594
jetson_jetson_test_640x360_throughput_nvdec_native,5,82087936,62402560,56563712,1346.8625099970643,0.0,0.0,5.094177507945675
jetson_jetson_test_640x360_paced_software_rgb,5,91054080,71364608,70856704,25.00034949733553,17.280241572558317,34.560483145116635,0.0945576977269827
jetson_jetson_test_640x360_throughput_software_native,5,96989184,77225984,73722880,1896.0554170424152,0.0,0.0,7.171365145011781
jetson_jetson_test_1280x720_throughput_nvdec_native,0,82739200,63131648,59227136,1000.2961615111749,0.0,0.0,13.642240452601117
jetson_jetson_test_1280x720_paced_nvdec_native,0,89968640,70258688,61315072,24.932858043023916,0.0,0.0,0.34003933802929237
jetson_jetson_test_1280x720_paced_software_native,0,95899648,76095488,69088256,25.021208106134626,0.0,0.0,0.3412442739785995
jetson_jetson_test_1280x720_throughput_nvdec_rgb,0,95125504,75333632,71119872,135.0017546014956,373.252851122215,746.50570224443,1.8411811108165261
jetson_jetson_test_1280x720_paced_nvdec_rgb,0,94695424,74989568,68870144,24.973989510309945,69.04808619810493,138.09617239620985,0.34060029726164265
jetson_jetson_test_1280x720_paced_software_rgb,0,107016192,87191552,79170560,25.002990512885248,69.12826817002512,138.25653634005025,0.3409958187738926
jetson_jetson_test_1280x720_throughput_software_native,0,117202944,97505280,75961344,711.9462507147296,0.0,0.0,9.709666312130176
jetson_jetson_test_1280x720_throughput_software_rgb,0,125714432,105897984,96138240,77.22044812475096,213.49909497531146,426.99818995062293,1.0531480192665867
jetson_jetson_test_1280x720_throughput_nvdec_rgb,1,101396480,81924096,75460608,122.01036028455667,337.33424411474226,674.6684882294845,1.6640018594051365
jetson_jetson_test_1280x720_paced_software_native,1,97091584,77373440,70828032,25.013571591714594,0.0,0.0,0.34114012565738583
jetson_jetson_test_1280x720_throughput_software_native,1,112615424,92872704,69511168,663.6921321596157,0.0,0.0,9.051566927681193
jetson_jetson_test_1280x720_throughput_nvdec_native,1,82702336,63000576,56810496,1018.951262535323,0.0,0.0,13.896662476429059
jetson_jetson_test_1280x720_throughput_software_rgb,1,125640704,105840640,98293760,74.93678848028556,207.18523279029353,414.37046558058705,1.0220030092381238
jetson_jetson_test_1280x720_paced_nvdec_rgb,1,97009664,77377536,71343104,24.971216470646755,69.04041929804414,138.08083859608828,0.34056247798838596
jetson_jetson_test_1280x720_paced_software_rgb,1,111390720,91680768,83503104,24.99966552041472,69.11907523084263,138.23815046168525,0.340950471857118
jetson_jetson_test_1280x720_paced_nvdec_native,1,82653184,62943232,56962048,24.990201983329335,0.0,0.0,0.34082140623293744
jetson_jetson_test_1280x720_paced_nvdec_rgb,2,97353728,77631488,71163904,24.973694901274627,69.0472716630441,138.0945433260882,0.34059627932430175
jetson_jetson_test_1280x720_paced_software_native,2,97046528,77266944,70552576,25.003372703265867,0.0,0.0,0.34100103116325464
jetson_jetson_test_1280x720_throughput_nvdec_rgb,2,96993280,77303808,71048192,133.20361815999578,368.2813634887563,736.5627269775126,1.8166577639864574
jetson_jetson_test_1280x720_paced_nvdec_native,2,81235968,61665280,55263232,24.991034361594615,0.0,0.0,0.34083275837531224
jetson_jetson_test_1280x720_throughput_software_rgb,2,127365120,107757568,97925120,76.9781987181268,212.829323815877,425.658647631754,1.0498441730839982
jetson_jetson_test_1280x720_paced_software_rgb,2,104476672,84795392,76890112,25.000687246240773,69.12190009840648,138.24380019681297,0.34096440635965036
jetson_jetson_test_1280x720_throughput_software_native,2,115437568,95686656,73824256,697.1808239394339,0.0,0.0,9.508292448863974
jetson_jetson_test_1280x720_throughput_nvdec_native,2,79298560,59596800,55212032,996.5297423430885,0.0,0.0,13.590873269647325
jetson_jetson_test_1280x720_paced_nvdec_native,3,85168128,65449984,59359232,24.98788742762915,0.0,0.0,0.34078983985628036
jetson_jetson_test_1280x720_throughput_software_native,3,115146752,95420416,73968640,702.3326919794597,0.0,0.0,9.578554662482713
jetson_jetson_test_1280x720_paced_software_native,3,92762112,73060352,66577408,24.995511179447288,0.0,0.0,0.3408938141185597
jetson_jetson_test_1280x720_throughput_nvdec_native,3,83410944,63606784,59215872,968.9942015777176,0.0,0.0,13.215338020620587
jetson_jetson_test_1280x720_paced_software_rgb,3,104984576,85258240,77396992,24.988703571444518,69.0887676343298,138.1775352686596,0.3408009705899586
jetson_jetson_test_1280x720_throughput_software_rgb,3,139370496,119668736,103967744,75.81938486272647,209.62543526846613,419.25087053693227,1.0340400364058224
jetson_jetson_test_1280x720_throughput_nvdec_rgb,3,101212160,81510400,75550720,132.26746540260822,365.69308834513123,731.3861766902625,1.8038903241940734
jetson_jetson_test_1280x720_paced_nvdec_rgb,3,95162368,75550720,71383040,24.975650894318402,69.05267959261153,138.10535918522305,0.3406229555512569
jetson_jetson_test_1280x720_throughput_nvdec_rgb,4,92626944,73064448,68990976,136.27429766954754,376.77117819676505,753.5423563935301,1.8585363093953435
jetson_jetson_test_1280x720_throughput_software_native,4,117379072,97488896,73946112,699.008255531447,0.0,0.0,9.533215328855096
jetson_jetson_test_1280x720_throughput_nvdec_native,4,82890752,63074304,59037696,998.045899809414,0.0,0.0,13.611550930439677
jetson_jetson_test_1280x720_paced_nvdec_rgb,4,101789696,81977344,77720576,24.976848213438114,69.0559899405137,138.1119798810274,0.34063928483048245
jetson_jetson_test_1280x720_throughput_software_rgb,4,129564672,109862912,100304896,77.00483387353378,212.9029646935462,425.8059293870924,1.0502074286962215
jetson_jetson_test_1280x720_paced_software_native,4,97230848,77651968,71057408,25.000814049157185,0.0,0.0,0.3409661357233552
jetson_jetson_test_1280x720_paced_software_rgb,4,106655744,87015424,79137792,25.009281729136877,69.14566212471763,138.29132424943526,0.34108161964782024
jetson_jetson_test_1280x720_paced_nvdec_native,4,86409216,66584576,57322496,24.98742580746107,0.0,0.0,0.3407835441874844
jetson_jetson_test_1280x720_paced_software_native,5,99581952,79790080,70809600,24.99694546972832,0.0,0.0,0.34091337525819576
jetson_jetson_test_1280x720_paced_nvdec_rgb,5,96866304,77160448,71153664,24.960464308110893,69.010691719065,138.02138343813,0.340415837830857
jetson_jetson_test_1280x720_throughput_nvdec_rgb,5,101474304,81772544,75319296,130.74000352083706,361.4699617344103,722.9399234688206,1.7830584915078176
jetson_jetson_test_1280x720_paced_nvdec_native,5,84762624,64962560,59202560,24.991135271129558,0.0,0.0,0.34083413459986717
jetson_jetson_test_1280x720_throughput_software_rgb,5,129593344,109780992,99784704,76.79021542002423,212.309587593283,424.619175186566,1.047280419015489
jetson_jetson_test_1280x720_throughput_nvdec_native,5,79450112,59977728,52796416,1015.8347918289304,0.0,0.0,13.854159421457952
jetson_jetson_test_1280x720_paced_software_rgb,5,109400064,89600000,79585280,25.008365730528418,69.14312957176496,138.28625914352992,0.3410691270743688
jetson_jetson_test_1280x720_throughput_software_native,5,114855936,95039488,73564160,695.1724120427041,0.0,0.0,9.480901323038138
jetson_jetson_test_1920x1080_throughput_nvdec_native,0,86396928,66789376,61732864,475.77349546578597,0.0,0.0,13.322363550508438
jetson_jetson_test_1920x1080_paced_nvdec_native,0,82628608,62918656,57583616,24.9646959364851,0.0,0.0,0.6990485143947504
jetson_jetson_test_1920x1080_paced_software_native,0,108376064,88633344,67904512,25.008136166321933,0.0,0.0,0.7002649052616635
jetson_jetson_test_1920x1080_throughput_nvdec_rgb,0,116887552,97206272,63162368,54.69586425434162,340.2520323534083,680.5040647068166,1.5315653252021038
jetson_jetson_test_1920x1080_paced_nvdec_rgb,0,116891648,97185792,65299456,24.942970617972424,155.16523162028287,310.33046324056573,0.6984401732529365
jetson_jetson_test_1920x1080_paced_software_rgb,0,134475776,114659328,92490752,25.137424095898826,156.3748878157674,312.7497756315348,0.7038851590524503
jetson_jetson_test_1920x1080_throughput_software_native,0,150179840,130482176,68298752,341.19081741291564,0.0,0.0,9.553848949109613
jetson_jetson_test_1920x1080_throughput_software_rgb,0,181145600,161333248,135658496,32.38546238354894,201.46348439558125,402.9269687911625,0.9068409815527043
jetson_jetson_test_1920x1080_throughput_nvdec_rgb,1,116690944,96980992,62968832,54.85431704883347,341.2377354973833,682.4754709947666,1.5360022384684633
jetson_jetson_test_1920x1080_paced_software_native,1,109080576,89268224,67713024,24.979182563000034,0.0,0.0,0.699454161424044
jetson_jetson_test_1920x1080_throughput_software_native,1,150274048,130576384,68430848,324.9879822061533,0.0,0.0,9.100145530927108
jetson_jetson_test_1920x1080_throughput_nvdec_native,1,80756736,60964864,55968768,475.7352861613359,0.0,0.0,13.321293633310976
jetson_jetson_test_1920x1080_throughput_software_rgb,1,182517760,162709504,140023808,32.701624300235686,203.4302644469062,406.8605288938124,0.9156939841580782
jetson_jetson_test_1920x1080_paced_nvdec_rgb,1,119533568,99827712,67580928,24.95651753090958,155.2495042562823,310.4990085125646,0.6988195069082489
jetson_jetson_test_1920x1080_paced_software_rgb,1,135626752,115765248,94749696,23.62893458716768,146.99087627985273,293.98175255970546,0.6616452153839417
jetson_jetson_test_1920x1080_paced_nvdec_native,1,82399232,62697472,57617408,24.975761304421844,0.0,0.0,0.6993583611093706
jetson_jetson_test_1920x1080_paced_nvdec_rgb,2,116883456,97071104,63417344,24.85794107508851,154.63627983991063,309.27255967982126,0.6960592199345428
jetson_jetson_test_1920x1080_paced_software_native,2,107708416,88006656,65714176,24.997618720968717,0.0,0.0,0.6999704011920725
jetson_jetson_test_1920x1080_throughput_nvdec_rgb,2,117035008,97349632,65595392,54.732164967815834,340.47785183178877,680.9557036635775,1.5325817990213795
jetson_jetson_test_1920x1080_paced_nvdec_native,2,89018368,69292032,61917184,24.974810720187957,0.0,0.0,0.6993317433408947
jetson_jetson_test_1920x1080_throughput_software_rgb,2,179437568,159784960,137839616,32.24616900979746,200.59696817614804,401.1939363522961,0.9029405604847394
jetson_jetson_test_1920x1080_paced_software_rgb,2,138334208,118624256,95050752,24.082058320082762,149.80966839757085,299.6193367951417,0.6743333519884163
jetson_jetson_test_1920x1080_throughput_software_native,2,150147072,130465792,68031488,335.6315187243328,0.0,0.0,9.398180340158085
jetson_jetson_test_1920x1080_throughput_nvdec_native,2,81899520,62427136,55278592,475.877987541246,0.0,0.0,13.325289483606207
jetson_jetson_test_1920x1080_paced_nvdec_native,3,79650816,60035072,53346304,24.95183197877641,0.0,0.0,0.6986883044988087
jetson_jetson_test_1920x1080_throughput_software_native,3,149970944,130265088,68433920,344.6794817171685,0.0,0.0,9.651536724090514
jetson_jetson_test_1920x1080_paced_software_native,3,106504192,86712320,65969152,25.01289452903801,0.0,0.0,0.7003981464754194
jetson_jetson_test_1920x1080_throughput_nvdec_native,3,86949888,67141632,62117888,475.03327903022813,0.0,0.0,13.301636392407904
jetson_jetson_test_1920x1080_paced_software_rgb,3,134881280,115154944,90864640,25.193285941682923,156.72239318602112,313.44478637204224,0.7054493735898943
jetson_jetson_test_1920x1080_throughput_software_rgb,3,181985280,162283520,142155776,32.96916027419782,205.0945522337298,410.1891044674596,0.9231853882441201
jetson_jetson_test_1920x1080_throughput_nvdec_rgb,3,118886400,99188736,67307520,63.2497396771247,393.4639805834573,786.9279611669147,1.7710865243317644
jetson_jetson_test_1920x1080_paced_nvdec_rgb,3,114642944,94822400,63102976,24.924000228843806,155.04722062359156,310.0944412471831,0.6979089742200465
jetson_jetson_test_1920x1080_throughput_nvdec_rgb,4,119336960,99528704,67494912,56.12069691618534,349.1156313762057,698.2312627524115,1.5714627530761323
jetson_jetson_test_1920x1080_throughput_software_native,4,152006656,132116480,68212736,339.27476076102863,0.0,0.0,9.5001965209204
jetson_jetson_test_1920x1080_throughput_nvdec_native,4,80117760,60456960,55395328,475.80089425021765,0.0,0.0,13.323130757110988
jetson_jetson_test_1920x1080_paced_nvdec_rgb,4,117153792,97382400,63358976,24.940364896817844,155.14902195012445,310.2980439002489,0.6983672091957466
jetson_jetson_test_1920x1080_throughput_software_rgb,4,185614336,166141952,143852544,32.78004070559894,203.91807722138992,407.83615444277984,0.9178897598171459
jetson_jetson_test_1920x1080_paced_software_native,4,108654592,88952832,68100096,25.013820719323444,0.0,0.0,0.700424081177157
jetson_jetson_test_1920x1080_paced_software_rgb,4,136339456,116527104,92478464,25.136905532635303,156.37166193741768,312.74332387483537,0.7038706385119274
jetson_jetson_test_1920x1080_paced_nvdec_native,4,84475904,64655360,57481216,24.975984848831388,0.0,0.0,0.6993646206844035
jetson_jetson_test_1920x1080_paced_software_native,5,112537600,92758016,71916544,25.00230965547472,0.0,0.0,0.7001017543159355
jetson_jetson_test_1920x1080_paced_nvdec_rgb,5,117207040,97513472,63368192,24.859637605913257,154.6468336188652,309.2936672377304,0.6961067253139666
jetson_jetson_test_1920x1080_throughput_nvdec_rgb,5,117669888,97972224,63872000,63.69282999600509,396.2203568391484,792.4407136782968,1.783493710461492
jetson_jetson_test_1920x1080_paced_nvdec_native,5,90357760,70533120,60150784,24.97508052674148,0.0,0.0,0.6993392983245762
jetson_jetson_test_1920x1080_throughput_software_rgb,5,184090624,164274176,143706112,32.76592870009844,203.8302892575724,407.6605785151448,0.9174946027319022
jetson_jetson_test_1920x1080_throughput_nvdec_native,5,84770816,65138688,55790592,476.4206791911396,0.0,0.0,13.340485654735138
jetson_jetson_test_1920x1080_paced_software_rgb,5,133472256,113803264,90772480,23.817507603249762,148.16395129829613,296.32790259659225,0.6669255395297875
jetson_jetson_test_1920x1080_throughput_software_native,5,153710592,134094848,72494080,330.13541350372293,0.0,0.0,9.244281242039706
